config,base_dataset,freq,term,wql,mase,snaive_wql,snaive_mase,season
electricity/D/short,electricity/D,D,short,0.06495982201276101,1.7643539400774906,0.11444693484164814,1.9870413998428473,1
us_births/D/short,us_births/D,D,short,0.06856040160852406,1.6661188889325285,0.11875971986872923,1.8648391912491094,1
kdd_cup_2018_with_missing/D/short,kdd_cup_2018_with_missing/D,D,short,0.35822824558385247,1.2295138673262438,0.5350407122804572,1.4970343738270924,1
SZ_TAXI/15T/short,SZ_TAXI/15T,15T,short,0.19423056097417404,0.5922245005896251,0.35702966992551766,0.7644167735543712,96
bitbrains_fast_storage/H/short,bitbrains_fast_storage/H,H,short,0.5871982069193414,1.8354893452324714,0.923252628306137,1.2985124569638051,24
electricity/15T/long,electricity/15T,15T,long,0.2249279304168708,2.794238317365816,0.11647915392491563,1.1635317075319351,96
kdd_cup_2018_with_missing/H/long,kdd_cup_2018_with_missing/H,H,long,0.484747049726067,1.121742627838498,0.6946163416306306,1.335533665808967,24
M_DENSE/H/long,M_DENSE/H,H,long,0.39657044643830197,2.4869559948546596,0.30437714027624807,1.4779178744488217,24
bitbrains_rnd/5T/long,bitbrains_rnd/5T,5T,long,0.6827378893800581,4.88249611715078,0.9096143438975604,3.501257904408164,288
bizitobs_l2c/H/long,bizitobs_l2c/H,H,long,0.5249271153471012,1.211134217934777,0.8328950156924515,1.4260541525613812,24
electricity/W/short,electricity/W,W-FRI,short,0.08490334719764028,1.9449882496508815,0.1291533100627913,2.089699506457395,1
us_births/M/short,us_births/M,M,short,0.025213773088783538,1.4682055702213026,0.020824907825333267,0.7605310792868888,12
car_parts_with_missing/short,car_parts_with_missing,M,short,0.9859952860690006,0.9386614180128644,1.5999522138243907,1.201463839096991,12
SZ_TAXI/H/short,SZ_TAXI/H,H,short,0.13251073350707823,0.6084836372243708,0.22637686413985178,0.7381672994945998,24
bitbrains_rnd/5T/short,bitbrains_rnd/5T,5T,short,0.43509931207092445,2.4450242057182416,0.8615173360643661,1.9708126376716952,288
electricity/H/medium,electricity/H,H,medium,0.22234241790673034,3.039987799391342,0.120301210419669,1.3924537851702352,24
LOOP_SEATTLE/5T/medium,LOOP_SEATTLE/5T,5T,medium,0.10372079349504479,1.2528149379078704,0.1293929734814135,1.1532851467900649,288
jena_weather/10T/medium,jena_weather/10T,10T,medium,0.06399240243769506,0.6976093690936634,0.07639029105121893,0.716010039172376,144
bizitobs_application/medium,bizitobs_application,10S,medium,0.06683742718892277,8.671644595695762,0.05014107711339301,2.6914183385868085,360
us_births/W/short,us_births/W,W-TUE,short,0.017001403696651908,1.57288728559003,0.023353194713977513,1.5634204337929731,1
restaurant/short,restaurant,D,short,0.280486986982122,0.8232018450902224,0.49065756004032657,1.0060757450046094,1
M_DENSE/H/short,M_DENSE/H,H,short,0.21450509418092142,1.4107656891058586,0.3195969395932812,1.4875444172240992,24
bitbrains_rnd/H/short,bitbrains_rnd/H,H,short,0.7083738558022178,6.843844484570526,1.1136930873403614,6.0373618687533925,24
electricity/H/long,electricity/H,H,long,0.2587135524824287,3.373903591003474,0.14088211870042544,1.524078616349685,24
LOOP_SEATTLE/5T/long,LOOP_SEATTLE/5T,5T,long,0.10726803629679442,1.2544880418596802,0.13952411694983577,1.2506857542807588,288
jena_weather/10T/long,jena_weather/10T,10T,long,0.06643595737852323,0.6935529157235311,0.07001328035354452,0.7614923703210494,144
bizitobs_application/long,bizitobs_application,10S,long,0.0755504239643933,8.64195706386998,0.056713016223715905,3.2063450561622804,360
saugeenday/D/short,saugeenday/D,D,short,0.3354649911727977,3.0819831460481386,0.497918942160179,3.413049305768806,1
hierarchical_sales/D/short,hierarchical_sales/D,D,short,0.5400906775635379,0.7734091948860384,1.058275945039977,1.134803399686105,1
M_DENSE/D/short,M_DENSE/D,D,short,0.10320180068037417,1.2716357918612315,0.2049384851462973,1.6693368812171987,1
bizitobs_application/short,bizitobs_application,10S,short,0.027935887465226357,3.4290435056913053,0.04067364346500428,2.2423302386755415,360
LOOP_SEATTLE/H/medium,LOOP_SEATTLE/H,H,medium,0.11857299681119651,1.8103175217244845,0.12759860081492147,1.480512619279975,24
jena_weather/H/medium,jena_weather/H,H,medium,0.07256493321424325,0.9324444079185715,0.0775324259014467,0.8886133410507664,24
bizitobs_service/medium,bizitobs_service,10S,medium,0.0695110593793996,4.400529521415983,0.0479876914494569,1.3205790727650968,360
saugeenday/M/short,saugeenday/M,M,short,0.3620629218714526,1.0047366462875915,0.5002700439890114,0.9763741730697157,12
hierarchical_sales/W/short,hierarchical_sales/W,W-WED,short,0.3356100329611658,0.7946980690760262,0.6229649713029799,1.0250133777288337,1
jena_weather/10T/short,jena_weather/10T,10T,short,0.04782291027243219,0.37470784672708596,0.0655689132210977,0.7428874675800381,144
bizitobs_service/short,bizitobs_service,10S,short,0.024087874135780445,1.8655996755231525,0.04084850719991845,1.225305042620374,360
LOOP_SEATTLE/H/long,LOOP_SEATTLE/H,H,long,0.11151682208542497,1.6861350344534254,0.13423970296805884,1.5460268753677608,24
jena_weather/H/long,jena_weather/H,H,long,0.08849807728081699,1.083832322026302,0.09440998845608709,1.2677178473920059,24
bizitobs_service/long,bizitobs_service,10S,long,0.08550383098181553,4.263932317982806,0.055803151057623936,1.367193469742303,360
saugeenday/W/short,saugeenday/W,W-THU,short,0.46896566442970583,1.6844544647461703,0.7411349295394112,1.990658004828632,1
LOOP_SEATTLE/5T/short,LOOP_SEATTLE/5T,5T,short,0.05595934348459971,0.7105679036436187,0.0824126903216844,0.7623397118337273,288
jena_weather/H/short,jena_weather/H,H,short,0.04826933635679389,0.5977653491377112,0.06764809897705622,0.7229102185557323,24
bizitobs_l2c/5T/short,bizitobs_l2c/5T,5T,short,0.0717990246241191,0.30387373615746166,0.3326301638488535,0.9860210805885201,288
SZ_TAXI/15T/medium,SZ_TAXI/15T,15T,medium,0.19256498199654942,0.5799948857424628,0.34166130554126184,0.7134840540400068,96
bitbrains_fast_storage/5T/medium,bitbrains_fast_storage/5T,5T,medium,0.6679592931179138,1.6625088972117743,1.0109953307301063,1.2202713595882655,288
bizitobs_l2c/5T/medium,bizitobs_l2c/5T,5T,medium,0.3135956394013319,0.8327035796853256,0.6768660870697938,1.2435997989335994,288
electricity/15T/short,electricity/15T,15T,short,0.16909473983827322,2.283672326971601,0.18571507944267246,1.717060141237218,96
hospital/short,hospital,M,short,0.0532360235796558,0.8336006441925152,0.07262633731177365,0.9205278266364826,12
temperature_rain_with_missing/short,temperature_rain_with_missing,D,short,0.52785958684009,1.454739225712182,0.92889849087613,2.0115357653222206,1
LOOP_SEATTLE/H/short,LOOP_SEATTLE/H,H,short,0.08917176937070044,1.3525173269479338,0.11243005014159481,1.2928412613913993,24
jena_weather/D/short,jena_weather/D,D,short,0.04920249524653118,1.2530069440249754,0.07910414598692553,1.5734140297468562,1
bizitobs_l2c/H/short,bizitobs_l2c/H,H,short,0.41689717522747266,1.0498246749232574,0.6754881950759445,1.2140641267600039,24
SZ_TAXI/15T/long,SZ_TAXI/15T,15T,long,0.1955946786506873,0.5487181707082309,0.3405187530166041,0.6909431344941247,96
bitbrains_fast_storage/5T/long,bitbrains_fast_storage/5T,5T,long,0.7298741283511899,1.5524698069036116,1.0690499219076497,1.136642231875312,288
bizitobs_l2c/5T/long,bizitobs_l2c/5T,5T,long,0.4986868992719908,1.1062674959659669,0.8620822221478589,1.4542830442631411,288
electricity/H/short,electricity/H,H,short,0.09523554295733182,1.568316065711284,0.11693111404099807,1.3577726051465435,24
covid_deaths/short,covid_deaths,D,short,0.06334473725666456,43.360197653099206,0.13308487651065598,46.91239825526407,1
kdd_cup_2018_with_missing/H/short,kdd_cup_2018_with_missing/H,H,short,0.3892081385229969,1.051322168926338,0.6748326397080916,1.340425278558367,24
LOOP_SEATTLE/D/short,LOOP_SEATTLE/D,D,short,0.05046344743363613,1.2202389585421332,0.10615682245239644,1.7323957056549057,1
bitbrains_fast_storage/5T/short,bitbrains_fast_storage/5T,5T,short,0.46509918147942275,1.165386506572508,1.0877276419991093,1.1360241737534564,288
electricity/15T/medium,electricity/15T,15T,medium,0.20439330411438006,2.6565967083836926,0.12196476188698112,1.1507882041044144,96
kdd_cup_2018_with_missing/H/medium,kdd_cup_2018_with_missing/H,H,medium,0.441600792578181,1.1806138009850728,0.6556121076543524,1.4289997072062277,24
M_DENSE/H/medium,M_DENSE/H,H,medium,0.3599330321899424,2.311436668267958,0.3290112254748614,1.569946511898904,24
bitbrains_rnd/5T/medium,bitbrains_rnd/5T,5T,medium,0.6162654254031165,5.744022217483813,0.8617520590771264,4.542392314855541,288
bizitobs_l2c/H/medium,bizitobs_l2c/H,H,medium,0.5192193340937693,1.216366881232786,0.9486843770997024,1.5102861226255864,24
