arm,seed,dataset,horizon,mse,mae,n_windows
with,2021,ETTh1,96,0.402241,0.448861,800
with,2021,ETTh1,192,0.405327,0.454223,800
with,2021,ETTh2,96,0.092631,0.19644,800
with,2021,ETTh2,192,0.109952,0.214429,800
with,2021,ETTm1,96,0.31979,0.340533,800
with,2021,ETTm1,192,0.329889,0.349769,800
with,2021,ETTm2,96,0.07784,0.172108,800
with,2021,ETTm2,192,0.081511,0.177687,800
without,2021,ETTh1,96,0.345211,0.401103,800
without,2021,ETTh1,192,0.416629,0.43369,800
without,2021,ETTh2,96,0.088542,0.192095,800
without,2021,ETTh2,192,0.111433,0.215186,800
without,2021,ETTm1,96,0.696539,0.5183,800
without,2021,ETTm1,192,0.789539,0.544879,800
without,2021,ETTm2,96,0.081994,0.182261,800
without,2021,ETTm2,192,0.089676,0.19063,800
with,2022,ETTh1,96,0.407518,0.451978,800
with,2022,ETTh1,192,0.412124,0.458224,800
with,2022,ETTh2,96,0.09167,0.195525,800
with,2022,ETTh2,192,0.109734,0.213289,800
with,2022,ETTm1,96,0.325908,0.348587,800
with,2022,ETTm1,192,0.355451,0.363688,800
with,2022,ETTm2,96,0.072818,0.165751,800
with,2022,ETTm2,192,0.078335,0.173753,800
without,2022,ETTh1,96,0.351126,0.405432,800
without,2022,ETTh1,192,0.413669,0.433733,800
without,2022,ETTh2,96,0.087764,0.193398,800
without,2022,ETTh2,192,0.111089,0.218069,800
without,2022,ETTm1,96,0.675708,0.507431,800
without,2022,ETTm1,192,0.767042,0.536573,800
without,2022,ETTm2,96,0.078556,0.178439,800
without,2022,ETTm2,192,0.091586,0.194163,800
with,2023,ETTh1,96,0.40376,0.451259,800
with,2023,ETTh1,192,0.403008,0.454097,800
with,2023,ETTh2,96,0.093038,0.197614,800
with,2023,ETTh2,192,0.11039,0.21466,800
with,2023,ETTm1,96,0.302359,0.340656,800
with,2023,ETTm1,192,0.328425,0.35449,800
with,2023,ETTm2,96,0.074444,0.169105,800
with,2023,ETTm2,192,0.078939,0.175109,800
without,2023,ETTh1,96,0.351536,0.404033,800
without,2023,ETTh1,192,0.422966,0.437354,800
without,2023,ETTh2,96,0.08885,0.194728,800
without,2023,ETTh2,192,0.112431,0.219505,800
without,2023,ETTm1,96,0.736937,0.526463,800
without,2023,ETTm1,192,0.772639,0.546735,800
without,2023,ETTm2,96,0.081939,0.182179,800
without,2023,ETTm2,192,0.091113,0.193503,800
