profile,n_windows,seasonality_strength,changepoint_rate,acf_decay,tail_index
LOOP_SEATTLE,399,0.5962220298865849,7.8125,2.554105775720594,4.260880062276295
M_DENSE,400,0.6786030717817515,3.90625,2.1953923629358387,5.130469435785299
SZ_TAXI,400,0.6670592553326491,3.90625,1.9482700878213592,4.022907524179411
bitbrains_fast_storage,400,0.594229221636112,3.90625,1.0338652832965542,2.485339761249244
bitbrains_rnd,400,0.6207635464411929,3.90625,0.9943970302862559,2.1793187652672565
bizitobs_application,400,0.5303230584947644,7.8125,29.33943563840537,3.3120163205110726
bizitobs_l2c,400,0.534326849468763,11.71875,25.55549098922634,2.817007230672912
bizitobs_service,400,0.5609545987937232,11.71875,28.667940677871968,3.4540776419325923
electricity,399,0.8909958135650684,11.71875,9.731846051606947,4.285579000879364
hierarchical_sales,400,0.5803992956179969,0.0,0.7571700630633689,3.2648584999081276
jena_weather,399,0.6112166327217099,11.71875,16.198329760656208,4.165904549305063
kdd_cup_2018_with_missing,400,0.5927247855787856,7.8125,4.197857433844065,3.133843253624133
restaurant,400,0.5644879692373896,0.0,0.7182325522186408,4.882591172420678
saugeenday,399,0.6633633666538057,3.90625,2.6309345756234435,2.5625036500013643
temperature_rain_with_missing,400,0.5646021352101602,3.90625,0.9431288169237212,3.571792053721529
us_births,400,0.584889140957571,7.8125,4.186973511008082,7.141049813118535
SYNTHETIC_CORPUS,2000,0.6421621983727952,7.8125,3.9230423916550263,5.895499362535107
