experiment_group,model,dataset,pred_len,seed,data_mode,synth_ratio,sparsity,difficulty_mode,bundle,p_latent_factor,anneal_strategy,anneal_epoch,mse,mae,train_time,timestamp
augmentation,DLinear,ETTh1,96,2022,mixed,0.25,1.0,uniform,all,0.0,none,0,0.4147365391254425,0.4274725019931793,63,2026-03-09 20:52:10
augmentation,DLinear,ETTh1,96,2021,mixed,0.5,1.0,uniform,all,0.0,none,0,0.4533601701259613,0.4513731002807617,109,2026-03-09 20:53:41
augmentation,DLinear,ETTh1,96,2022,mixed,0.5,1.0,uniform,all,0.0,none,0,0.455143541097641,0.4558670222759247,87,2026-03-09 20:53:54
augmentation,DLinear,ETTh1,96,2023,mixed,0.5,1.0,uniform,all,0.0,none,0,0.4535689353942871,0.4526551961898803,110,2026-03-09 20:54:17
augmentation,DLinear,ETTh1,96,2022,mixed,1.0,1.0,uniform,all,0.0,none,0,0.4465624094009399,0.4493256211280823,149,2026-03-09 20:55:05
augmentation,DLinear,ETTh1,96,2021,mixed,1.0,1.0,uniform,all,0.0,none,0,0.4455422461032867,0.4486408829689026,172,2026-03-09 20:55:27
augmentation,DLinear,ETTh1,96,2023,mixed,1.0,1.0,uniform,all,0.0,none,0,0.447266161441803,0.4510000646114349,159,2026-03-09 20:55:38
augmentation,DLinear,ETTh1,336,2022,mixed,0.25,1.0,uniform,all,0.0,none,0,0.500619113445282,0.4765236377716064,86,2026-03-09 20:55:48
augmentation,DLinear,ETTh1,336,2023,mixed,0.5,1.0,uniform,all,0.0,none,0,0.5465357303619385,0.5055896043777466,112,2026-03-09 20:57:56
augmentation,DLinear,ETTh1,336,2022,mixed,0.5,1.0,uniform,all,0.0,none,0,0.5273934006690979,0.4976356327533722,146,2026-03-09 20:58:18
augmentation,DLinear,ETTh1,336,2021,mixed,0.5,1.0,uniform,all,0.0,none,0,0.5302525758743286,0.4978751242160797,171,2026-03-09 20:58:23
augmentation,DLinear,ETTh1,336,2021,mixed,1.0,1.0,uniform,all,0.0,none,0,0.5302525758743286,0.4978751242160797,166,2026-03-09 20:59:02
augmentation,DLinear,ETTh1,336,2022,mixed,1.0,1.0,uniform,all,0.0,none,0,0.5273934006690979,0.4976356327533722,211,2026-03-09 20:59:46
augmentation,DLinear,ETTh2,96,2023,mixed,0.5,1.0,uniform,all,0.0,none,0,0.4165620803833008,0.4442912340164184,66,2026-03-09 21:00:26
augmentation,DLinear,ETTh2,96,2022,mixed,0.5,1.0,uniform,all,0.0,none,0,0.4477003216743469,0.4644217789173126,74,2026-03-09 21:00:29
augmentation,DLinear,ETTh2,336,2021,mixed,0.25,1.0,uniform,all,0.0,none,0,0.5727841258049011,0.5324228405952454,68,2026-03-09 21:00:50
augmentation,DLinear,ETTh2,96,2021,mixed,0.5,1.0,uniform,all,0.0,none,0,0.4152995347976684,0.4437842667102813,106,2026-03-09 21:00:58
augmentation,DLinear,ETTh2,96,2023,mixed,1.0,1.0,uniform,all,0.0,none,0,0.4165620803833008,0.4442912340164184,92,2026-03-09 21:01:08
augmentation,DLinear,ETTh2,96,2021,mixed,1.0,1.0,uniform,all,0.0,none,0,0.4152995347976684,0.4437842667102813,106,2026-03-09 21:01:13
augmentation,DLinear,ETTh2,96,2022,mixed,1.0,1.0,uniform,all,0.0,none,0,0.4323238730430603,0.4527000188827514,119,2026-03-09 21:01:29
augmentation,DLinear,ETTh2,336,2021,mixed,0.5,1.0,uniform,all,0.0,none,0,0.6225891709327698,0.5562753081321716,109,2026-03-09 21:02:02
augmentation,DLinear,ETTh1,336,2023,mixed,1.0,1.0,uniform,all,0.0,none,0,0.5203277468681335,0.4908922612667084,321,2026-03-09 21:02:04
augmentation,DLinear,ETTh2,336,2023,mixed,0.5,1.0,uniform,all,0.0,none,0,0.6168389916419983,0.5552809834480286,100,2026-03-09 21:02:32
augmentation,DLinear,ETTh2,336,2023,mixed,1.0,1.0,uniform,all,0.0,none,0,0.5845358371734619,0.5372302532196045,159,2026-03-09 21:04:03
augmentation,DLinear,ETTh2,336,2021,mixed,1.0,1.0,uniform,all,0.0,none,0,0.6156537532806396,0.5539823770523071,190,2026-03-09 21:04:05
augmentation,DLinear,ETTm1,96,2023,mixed,0.25,1.0,uniform,all,0.0,none,0,0.4793649017810821,0.4593406915664673,172,2026-03-09 21:04:31
augmentation,DLinear,ETTm1,96,2022,mixed,0.25,1.0,uniform,all,0.0,none,0,0.4684480726718902,0.4503494501113891,187,2026-03-09 21:04:40
augmentation,DLinear,ETTm1,96,2021,mixed,0.25,1.0,uniform,all,0.0,none,0,0.4240721762180328,0.4254002571105957,225,2026-03-09 21:05:11
augmentation,DLinear,ETTh2,336,2022,mixed,1.0,1.0,uniform,all,0.0,none,0,0.6310062408447266,0.5608602166175842,253,2026-03-09 21:05:29
augmentation,DLinear,ETTm1,96,2022,mixed,0.5,1.0,uniform,all,0.0,none,0,0.4684480726718902,0.4503494501113891,253,2026-03-09 21:06:09
augmentation,DLinear,ETTm1,96,2021,mixed,0.5,1.0,uniform,all,0.0,none,0,0.4240721762180328,0.4254002571105957,284,2026-03-09 21:06:37
augmentation,DLinear,ETTm1,96,2023,mixed,0.5,1.0,uniform,all,0.0,none,0,0.4896004796028137,0.4660693407058716,293,2026-03-09 21:07:19
augmentation,DLinear,ETTm1,96,2021,mixed,1.0,1.0,uniform,all,0.0,none,0,0.4240721762180328,0.4254002571105957,372,2026-03-09 21:08:40
augmentation,DLinear,ETTm2,96,2021,mixed,0.25,1.0,uniform,all,0.0,none,0,0.24318628013134,0.3426938652992248,119,2026-03-09 21:08:46
augmentation,DLinear,ETTm2,96,2022,mixed,0.25,1.0,uniform,all,0.0,none,0,0.2486376911401748,0.3491023778915405,126,2026-03-09 21:09:10
augmentation,DLinear,ETTm1,336,2023,mixed,0.25,1.0,uniform,all,0.0,none,0,0.5489329099655151,0.4993838965892792,301,2026-03-09 21:09:58
augmentation,DLinear,ETTm1,336,2022,mixed,0.25,1.0,uniform,all,0.0,none,0,0.5207415819168091,0.4846717417240143,367,2026-03-09 21:10:38
augmentation,DLinear,ETTm1,336,2021,mixed,0.25,1.0,uniform,all,0.0,none,0,0.5439643859863281,0.5014089941978455,388,2026-03-09 21:10:57
augmentation,DLinear,ETTm1,336,2023,mixed,0.5,1.0,uniform,all,0.0,none,0,0.5489329099655151,0.4993838965892792,346,2026-03-09 21:11:23
augmentation,DLinear,ETTm1,96,2023,mixed,1.0,1.0,uniform,all,0.0,none,0,0.4893903136253357,0.4646159708499908,518,2026-03-09 21:11:36
augmentation,DLinear,ETTm1,96,2022,mixed,1.0,1.0,uniform,all,0.0,none,0,0.490194708108902,0.4671646356582641,558,2026-03-09 21:11:48
augmentation,DLinear,ETTm1,336,2021,mixed,0.5,1.0,uniform,all,0.0,none,0,0.5439643859863281,0.5014089941978455,413,2026-03-09 21:11:59
augmentation,DLinear,ETTm2,96,2021,mixed,0.5,1.0,uniform,all,0.0,none,0,0.31813845038414,0.3975016176700592,180,2026-03-09 21:12:07
augmentation,DLinear,ETTm2,96,2022,mixed,0.5,1.0,uniform,all,0.0,none,0,0.3201022744178772,0.4015939831733703,254,2026-03-09 21:13:26
augmentation,DLinear,ETTm1,336,2021,mixed,1.0,1.0,uniform,all,0.0,none,0,0.5439643859863281,0.5014089941978455,625,2026-03-09 21:16:20
augmentation,DLinear,ETTm1,336,2022,mixed,0.5,1.0,uniform,all,0.0,none,0,0.5444245338439941,0.4995474219322204,645,2026-03-09 21:16:22
augmentation,DLinear,ETTm2,96,2023,mixed,1.0,1.0,uniform,all,0.0,none,0,0.2970074713230133,0.3823257684707641,322,2026-03-09 21:16:27
augmentation,DLinear,ETTm2,336,2021,mixed,0.5,1.0,uniform,all,0.0,none,0,0.4844748377799988,0.494611382484436,289,2026-03-09 21:17:03
augmentation,DLinear,ETTm2,336,2022,mixed,0.5,1.0,uniform,all,0.0,none,0,0.4982311725616455,0.5047964453697205,292,2026-03-09 21:17:18
augmentation,DLinear,ETTm2,96,2022,mixed,1.0,1.0,uniform,all,0.0,none,0,0.305785208940506,0.3896484673023224,449,2026-03-09 21:18:18
augmentation,DLinear,ETTm2,96,2021,mixed,1.0,1.0,uniform,all,0.0,none,0,0.3138645887374878,0.3963097333908081,502,2026-03-09 21:18:46
augmentation,DLinear,ETTm1,336,2023,mixed,1.0,1.0,uniform,all,0.0,none,0,0.5406389832496643,0.4968756735324859,738,2026-03-09 21:18:56
augmentation,DLinear,ETTm2,336,2023,mixed,0.5,1.0,uniform,all,0.0,none,0,0.4941592216491699,0.5003970861434937,497,2026-03-09 21:20:50
augmentation,DLinear,ETTm2,336,2021,mixed,1.0,1.0,uniform,all,0.0,none,0,0.4844748377799988,0.494611382484436,496,2026-03-09 21:21:27
augmentation,DLinear,ETTm2,336,2023,mixed,1.0,1.0,uniform,all,0.0,none,0,0.4941592216491699,0.5003970861434937,507,2026-03-09 21:23:12
augmentation,DLinear,Weather,96,2021,mixed,0.25,1.0,uniform,all,0.0,none,0,0.1895423382520675,0.2586982846260071,594,2026-03-09 21:25:09
augmentation,DLinear,Weather,96,2022,mixed,0.25,1.0,uniform,all,0.0,none,0,0.1948778927326202,0.2681148052215576,598,2026-03-09 21:25:23
augmentation,DLinear,Weather,96,2021,mixed,0.5,1.0,uniform,all,0.0,none,0,0.1895423382520675,0.2586982846260071,553,2026-03-09 21:26:01
augmentation,DLinear,Weather,96,2023,mixed,0.25,1.0,uniform,all,0.0,none,0,0.2049174457788467,0.2830720841884613,571,2026-03-09 21:26:19
augmentation,DLinear,ETTm2,336,2022,mixed,1.0,1.0,uniform,all,0.0,none,0,0.4793354868888855,0.4916108548641205,748,2026-03-09 21:26:20
augmentation,DLinear,ETTm1,336,2022,mixed,1.0,1.0,uniform,all,0.0,none,0,0.5430958867073059,0.4982718229293823,1265,2026-03-09 21:27:00
augmentation,DLinear,Weather,96,2023,mixed,0.5,1.0,uniform,all,0.0,none,0,0.2049174457788467,0.2830720841884613,651,2026-03-09 21:28:20
augmentation,DLinear,Weather,96,2022,mixed,0.5,1.0,uniform,all,0.0,none,0,0.205521285533905,0.2858465015888214,1111,2026-03-09 21:35:25
augmentation,DLinear,Weather,96,2021,mixed,1.0,1.0,uniform,all,0.0,none,0,0.1895423382520675,0.2586982846260071,1097,2026-03-09 21:36:01
augmentation,DLinear,Weather,336,2022,mixed,0.5,1.0,uniform,all,0.0,none,0,0.2857384085655212,0.34353107213974,820,2026-03-09 21:39:15
augmentation,DLinear,Weather,96,2023,mixed,1.0,1.0,uniform,all,0.0,none,0,0.2042411714792251,0.2837281823158264,1411,2026-03-09 21:42:43
augmentation,DLinear,Weather,336,2023,mixed,0.5,1.0,uniform,all,0.0,none,0,0.2911615073680877,0.350387305021286,1020,2026-03-09 21:42:49
augmentation,DLinear,Weather,336,2021,mixed,0.5,1.0,uniform,all,0.0,none,0,0.2923603653907776,0.3533783257007599,1184,2026-03-09 21:43:22
augmentation,DLinear,Weather,96,2022,mixed,1.0,1.0,uniform,all,0.0,none,0,0.205521285533905,0.2858465015888214,1483,2026-03-09 21:43:27
augmentation,DLinear,Weather,336,2021,mixed,1.0,1.0,uniform,all,0.0,none,0,0.2923603653907776,0.3533783257007599,1862,2026-03-09 21:57:30
augmentation,DLinear,Weather,336,2023,mixed,1.0,1.0,uniform,all,0.0,none,0,0.2923859357833862,0.3534096181392669,3565,2026-03-09 22:26:10
augmentation,DLinear,Weather,336,2022,mixed,1.0,1.0,uniform,all,0.0,none,0,0.2931081652641296,0.3547010123729706,3773,2026-03-09 22:29:38
augmentation,DLinear,Electricity,96,2022,mixed,0.25,1.0,uniform,all,0.0,none,0,0.255082756280899,0.349685400724411,3809,2026-03-09 22:32:15
augmentation,DLinear,Electricity,96,2023,mixed,0.25,1.0,uniform,all,0.0,none,0,0.2282789945602417,0.3167690336704254,3845,2026-03-09 22:34:23
augmentation,DLinear,Electricity,96,2021,mixed,0.25,1.0,uniform,all,0.0,none,0,0.2382492274045944,0.3286512196063995,4111,2026-03-09 22:35:58
augmentation,DLinear,ETTh1,96,2021,mixed,0.25,1.0,uniform,all,0.0,none,0,0.4133692681789398,0.4254661202430725,88,2026-03-09 23:11:40
augmentation,DLinear,ETTh1,96,2023,mixed,0.25,1.0,uniform,all,0.0,none,0,0.4126672446727752,0.425189346075058,93,2026-03-09 23:13:50
augmentation,DLinear,ETTh1,336,2021,mixed,0.25,1.0,uniform,all,0.0,none,0,0.4982900619506836,0.4748252630233764,126,2026-03-09 23:18:00
augmentation,DLinear,ETTh1,336,2023,mixed,0.25,1.0,uniform,all,0.0,none,0,0.4998022019863128,0.4760331809520721,117,2026-03-09 23:18:08
augmentation,DLinear,ETTh2,96,2021,mixed,0.25,1.0,uniform,all,0.0,none,0,0.3731802701950073,0.4151918292045593,64,2026-03-09 23:20:14
augmentation,DLinear,ETTh2,96,2022,mixed,0.25,1.0,uniform,all,0.0,none,0,0.3824045956134796,0.4244949221611023,71,2026-03-09 23:20:30
augmentation,DLinear,ETTh2,96,2023,mixed,0.25,1.0,uniform,all,0.0,none,0,0.3828603327274322,0.4235609769821167,82,2026-03-09 23:21:54
augmentation,DLinear,ETTh2,336,2023,mixed,0.25,1.0,uniform,all,0.0,none,0,0.5625500082969666,0.5300115942955017,72,2026-03-09 23:23:46
augmentation,DLinear,ETTm2,96,2023,mixed,0.25,1.0,uniform,all,0.0,none,0,0.2742269337177276,0.3674638271331787,180,2026-03-09 23:32:22
augmentation,DLinear,ETTm2,96,2023,mixed,0.5,1.0,uniform,all,0.0,none,0,0.2742269337177276,0.3674638271331787,204,2026-03-09 23:33:22
augmentation,DLinear,ETTm2,336,2021,mixed,0.25,1.0,uniform,all,0.0,none,0,0.4228799641132355,0.4572208523750305,204,2026-03-09 23:36:57
augmentation,DLinear,ETTm2,336,2022,mixed,0.25,1.0,uniform,all,0.0,none,0,0.4187880754470825,0.4533873200416565,205,2026-03-09 23:37:05
augmentation,DLinear,ETTm2,336,2023,mixed,0.25,1.0,uniform,all,0.0,none,0,0.4079813361167907,0.4460541009902954,207,2026-03-09 23:40:43
augmentation,DLinear,Electricity,336,2021,mixed,0.25,1.0,uniform,all,0.0,none,0,0.2387657016515731,0.3321402370929718,7070,2026-03-09 23:41:06
augmentation,DLinear,Weather,336,2022,mixed,0.25,1.0,uniform,all,0.0,none,0,0.2783906757831573,0.3313274979591369,579,2026-03-09 23:51:09
augmentation,DLinear,Weather,336,2021,mixed,0.25,1.0,uniform,all,0.0,none,0,0.2790467739105224,0.3333403766155243,689,2026-03-09 23:52:48
augmentation,DLinear,Weather,336,2023,mixed,0.25,1.0,uniform,all,0.0,none,0,0.2785990834236145,0.3324781954288482,694,2026-03-10 00:03:02
augmentation,DLinear,Traffic,96,2021,mixed,0.25,1.0,uniform,all,0.0,none,0,0.7188105583190918,0.4456742107868194,6807,2026-03-10 01:24:47
augmentation,DLinear,Traffic,96,2022,mixed,0.25,1.0,uniform,all,0.0,none,0,0.7186955809593201,0.4454531073570251,6910,2026-03-10 01:28:29
augmentation,DLinear,Traffic,96,2023,mixed,0.25,1.0,uniform,all,0.0,none,0,0.7187157273292542,0.4456498324871063,6731,2026-03-10 01:28:31
augmentation,SegRNN,ETTh1,96,2021,mixed,0.25,1.0,uniform,all,0.0,none,0,0.3949231803417206,0.4136758148670196,69,2026-03-10 01:39:02
augmentation,SegRNN,ETTh1,96,2022,mixed,0.25,1.0,uniform,all,0.0,none,0,0.390695184469223,0.410414457321167,77,2026-03-10 01:40:45
augmentation,SegRNN,ETTh1,96,2023,mixed,0.25,1.0,uniform,all,0.0,none,0,0.3920798301696777,0.4115657210350036,82,2026-03-10 01:42:14
augmentation,SegRNN,ETTh1,96,2023,mixed,0.5,1.0,uniform,all,0.0,none,0,0.4090766608715057,0.4225386381149292,101,2026-03-10 01:44:20
augmentation,SegRNN,ETTh1,96,2021,mixed,1.0,1.0,uniform,all,0.0,none,0,0.4142074584960937,0.4262248873710632,170,2026-03-10 01:45:43
augmentation,SegRNN,ETTh1,96,2022,mixed,1.0,1.0,uniform,all,0.0,none,0,0.4127408862113952,0.4249741733074188,174,2026-03-10 01:46:32
augmentation,SegRNN,ETTh1,336,2022,mixed,0.25,1.0,uniform,all,0.0,none,0,0.4707213044166565,0.4540544152259826,110,2026-03-10 01:46:35
augmentation,SegRNN,ETTh1,336,2023,mixed,0.25,1.0,uniform,all,0.0,none,0,0.4711468517780304,0.4542271792888641,114,2026-03-10 01:46:46
augmentation,SegRNN,ETTh1,96,2023,mixed,1.0,1.0,uniform,all,0.0,none,0,0.4122134745121002,0.4243742525577545,190,2026-03-10 01:47:33
augmentation,SegRNN,ETTh1,336,2022,mixed,0.5,1.0,uniform,all,0.0,none,0,0.5086076259613037,0.4806390106678009,132,2026-03-10 01:48:57
augmentation,SegRNN,ETTh1,336,2021,mixed,0.5,1.0,uniform,all,0.0,none,0,0.48072350025177,0.4603641331195831,178,2026-03-10 01:49:06
augmentation,SegRNN,ETTh1,336,2023,mixed,0.5,1.0,uniform,all,0.0,none,0,0.4970820844173431,0.4710027277469635,180,2026-03-10 01:49:58
augmentation,SegRNN,ETTh2,96,2021,mixed,0.25,1.0,uniform,all,0.0,none,0,0.296500027179718,0.3484731614589691,54,2026-03-10 01:50:18
augmentation,SegRNN,ETTh2,96,2022,mixed,0.25,1.0,uniform,all,0.0,none,0,0.2886426150798797,0.3412890136241913,68,2026-03-10 01:50:40
augmentation,SegRNN,ETTh1,336,2022,mixed,1.0,1.0,uniform,all,0.0,none,0,0.4818601012229919,0.4604284167289734,225,2026-03-10 01:50:57
augmentation,SegRNN,ETTh1,336,2021,mixed,1.0,1.0,uniform,all,0.0,none,0,0.4888511002063751,0.4657795429229736,288,2026-03-10 01:51:49
augmentation,SegRNN,ETTh1,336,2023,mixed,1.0,1.0,uniform,all,0.0,none,0,0.4834535419940948,0.4622915983200073,338,2026-03-10 01:53:37
augmentation,SegRNN,ETTh2,96,2021,mixed,1.0,1.0,uniform,all,0.0,none,0,0.2989960014820099,0.3468056917190552,176,2026-03-10 01:55:01
augmentation,SegRNN,ETTh2,336,2021,mixed,0.25,1.0,uniform,all,0.0,none,0,0.4166216850280761,0.4285625219345093,117,2026-03-10 01:55:11
augmentation,SegRNN,ETTh2,96,2022,mixed,1.0,1.0,uniform,all,0.0,none,0,0.2986018061637878,0.3460846543312073,180,2026-03-10 01:55:16
augmentation,SegRNN,ETTh2,336,2022,mixed,0.25,1.0,uniform,all,0.0,none,0,0.4169829189777374,0.4308617115020752,106,2026-03-10 01:55:22
augmentation,SegRNN,ETTh2,336,2023,mixed,0.25,1.0,uniform,all,0.0,none,0,0.416360080242157,0.4304655790328979,97,2026-03-10 01:55:40
augmentation,SegRNN,ETTh2,96,2023,mixed,1.0,1.0,uniform,all,0.0,none,0,0.2988443076610565,0.3471021950244903,180,2026-03-10 01:55:43
augmentation,SegRNN,ETTh2,336,2023,mixed,0.5,1.0,uniform,all,0.0,none,0,0.4229532480239868,0.4345187842845917,131,2026-03-10 01:57:52
augmentation,SegRNN,ETTh2,336,2021,mixed,0.5,1.0,uniform,all,0.0,none,0,0.4301433861255646,0.4397757947444916,150,2026-03-10 01:57:57
augmentation,SegRNN,ETTh2,336,2022,mixed,0.5,1.0,uniform,all,0.0,none,0,0.4371529221534729,0.4393407106399536,144,2026-03-10 01:58:02
augmentation,SegRNN,ETTh2,336,2021,mixed,1.0,1.0,uniform,all,0.0,none,0,0.4301433861255646,0.4397757947444916,176,2026-03-10 01:58:44
augmentation,SegRNN,ETTh2,336,2023,mixed,1.0,1.0,uniform,all,0.0,none,0,0.4304151237010956,0.4351606070995331,232,2026-03-10 02:00:01
augmentation,SegRNN,ETTh2,336,2022,mixed,1.0,1.0,uniform,all,0.0,none,0,0.4293229579925537,0.4334572553634643,307,2026-03-10 02:01:13
augmentation,SegRNN,ETTm1,96,2023,mixed,0.5,1.0,uniform,all,0.0,none,0,0.3676103949546814,0.3977199792861938,414,2026-03-10 02:07:21
augmentation,SegRNN,ETTm1,96,2021,mixed,1.0,1.0,uniform,all,0.0,none,0,0.3627699017524719,0.3929786086082458,521,2026-03-10 02:10:20
augmentation,SegRNN,ETTm1,96,2022,mixed,1.0,1.0,uniform,all,0.0,none,0,0.3639247417449951,0.3938940465450287,699,2026-03-10 02:13:53
augmentation,SegRNN,ETTm1,96,2023,mixed,1.0,1.0,uniform,all,0.0,none,0,0.363961786031723,0.3948193788528442,729,2026-03-10 02:14:36
augmentation,SegRNN,ETTm1,336,2021,mixed,0.5,1.0,uniform,all,0.0,none,0,0.4444342851638794,0.438086599111557,568,2026-03-10 02:17:15
augmentation,SegRNN,ETTm2,96,2021,mixed,0.25,1.0,uniform,all,0.0,none,0,0.1739362180233001,0.2569390535354614,243,2026-03-10 02:19:05
augmentation,SegRNN,ETTm1,336,2023,mixed,0.5,1.0,uniform,all,0.0,none,0,0.4423515796661377,0.4373149871826172,550,2026-03-10 02:19:57
augmentation,SegRNN,ETTm1,336,2022,mixed,0.5,1.0,uniform,all,0.0,none,0,0.4343385994434356,0.433521419763565,687,2026-03-10 02:21:16
augmentation,SegRNN,ETTm2,96,2022,mixed,0.25,1.0,uniform,all,0.0,none,0,0.1739241480827331,0.2568799555301666,239,2026-03-10 02:21:40
augmentation,SegRNN,ETTm1,336,2021,mixed,1.0,1.0,uniform,all,0.0,none,0,0.4302800595760345,0.4306753873825073,1023,2026-03-10 02:28:24
augmentation,SegRNN,ETTm1,336,2022,mixed,1.0,1.0,uniform,all,0.0,none,0,0.4291502833366394,0.4298267662525177,1219,2026-03-10 02:31:47
augmentation,SegRNN,ETTm1,336,2023,mixed,1.0,1.0,uniform,all,0.0,none,0,0.4297794997692108,0.4305668473243713,1306,2026-03-10 02:36:05
augmentation,SegRNN,ETTm2,96,2021,mixed,1.0,1.0,uniform,all,0.0,none,0,0.1784407347440719,0.2620673775672912,736,2026-03-10 02:36:15
augmentation,SegRNN,ETTm2,96,2023,mixed,1.0,1.0,uniform,all,0.0,none,0,0.1783217042684555,0.2621734738349914,709,2026-03-10 02:39:42
augmentation,SegRNN,ETTm2,96,2022,mixed,1.0,1.0,uniform,all,0.0,none,0,0.1781910061836242,0.2614004611968994,741,2026-03-10 02:40:08
augmentation,SegRNN,ETTm2,336,2021,mixed,0.5,1.0,uniform,all,0.0,none,0,0.3119058310985565,0.3464246988296509,633,2026-03-10 02:41:57
augmentation,SegRNN,ETTm2,336,2022,mixed,0.5,1.0,uniform,all,0.0,none,0,0.3110043108463287,0.348850280046463,618,2026-03-10 02:42:32
augmentation,SegRNN,ETTm2,336,2023,mixed,0.5,1.0,uniform,all,0.0,none,0,0.3055598139762878,0.3409970700740814,695,2026-03-10 02:45:28
augmentation,SegRNN,ETTm2,336,2023,mixed,1.0,1.0,uniform,all,0.0,none,0,0.3098332285881042,0.3449734449386596,1078,2026-03-10 02:53:53
augmentation,SegRNN,ETTm2,336,2021,mixed,1.0,1.0,uniform,all,0.0,none,0,0.3080773055553436,0.3427485525608063,1231,2026-03-10 02:54:57
augmentation,SegRNN,Weather,96,2021,mixed,0.5,1.0,uniform,all,0.0,none,0,0.1697471737861633,0.2320180833339691,1094,2026-03-10 02:55:38
augmentation,SegRNN,ETTm2,336,2022,mixed,1.0,1.0,uniform,all,0.0,none,0,0.3089641034603119,0.3433811068534851,1232,2026-03-10 02:56:16
augmentation,SegRNN,Weather,96,2023,mixed,0.5,1.0,uniform,all,0.0,none,0,0.1800387650728225,0.2440863698720932,988,2026-03-10 02:57:03
augmentation,SegRNN,Weather,96,2022,mixed,0.5,1.0,uniform,all,0.0,none,0,0.1742493510246276,0.2366057932376861,1115,2026-03-10 02:58:43
augmentation,SegRNN,Weather,96,2022,mixed,1.0,1.0,uniform,all,0.0,none,0,0.1739017814397812,0.2364588677883148,2017,2026-03-10 03:16:35
augmentation,SegRNN,Weather,96,2021,mixed,1.0,1.0,uniform,all,0.0,none,0,0.17473204433918,0.2374555617570877,2179,2026-03-10 03:18:43
augmentation,SegRNN,Weather,96,2023,mixed,1.0,1.0,uniform,all,0.0,none,0,0.175179898738861,0.2381800562143325,2065,2026-03-10 03:20:20
augmentation,SegRNN,Weather,336,2021,mixed,0.5,1.0,uniform,all,0.0,none,0,0.2781839072704315,0.3222111761569977,1959,2026-03-10 03:27:00
augmentation,SegRNN,Weather,336,2022,mixed,0.5,1.0,uniform,all,0.0,none,0,0.272903174161911,0.3182667791843414,1981,2026-03-10 03:28:25
augmentation,SegRNN,Weather,336,2023,mixed,0.5,1.0,uniform,all,0.0,none,0,0.2795985043048858,0.3259698450565338,1949,2026-03-10 03:28:34
augmentation,SegRNN,Weather,336,2021,mixed,1.0,1.0,uniform,all,0.0,none,0,0.2760532200336456,0.3215492367744446,3235,2026-03-10 03:50:37
augmentation,SegRNN,Weather,336,2022,mixed,1.0,1.0,uniform,all,0.0,none,0,0.2771818935871124,0.3231702744960785,3742,2026-03-10 03:59:52
augmentation,SegRNN,Weather,336,2023,mixed,1.0,1.0,uniform,all,0.0,none,0,0.2771399319171905,0.3232257962226867,3764,2026-03-10 04:01:54
augmentation,SegRNN,Electricity,96,2023,mixed,0.25,1.0,uniform,all,0.0,none,0,0.2076223343610763,0.2949130833148956,3746,2026-03-10 04:06:59
augmentation,SegRNN,Electricity,96,2022,mixed,0.25,1.0,uniform,all,0.0,none,0,0.2178685367107391,0.3051652014255523,3779,2026-03-10 04:07:27
augmentation,SegRNN,Electricity,96,2021,mixed,0.25,1.0,uniform,all,0.0,none,0,0.2076870650053024,0.2947700321674347,4097,2026-03-10 04:12:44
augmentation,SegRNN,Electricity,336,2023,mixed,0.25,1.0,uniform,all,0.0,none,0,0.23324915766716,0.3187156915664673,6728,2026-03-10 05:22:35
augmentation,SegRNN,Electricity,336,2022,mixed,0.25,1.0,uniform,all,0.0,none,0,0.2334198057651519,0.3191046714782715,6745,2026-03-10 05:22:51
augmentation,SegRNN,Electricity,336,2021,mixed,0.25,1.0,uniform,all,0.0,none,0,0.239682137966156,0.3258130252361297,6911,2026-03-10 05:24:11
augmentation,SegRNN,Traffic,96,2021,mixed,0.25,1.0,uniform,all,0.0,none,0,0.7727363705635071,0.4098118841648102,6770,2026-03-10 09:03:31
augmentation,SegRNN,Traffic,96,2023,mixed,0.25,1.0,uniform,all,0.0,none,0,0.7750609517097473,0.4106679856777191,6868,2026-03-10 09:05:08
augmentation,SegRNN,Traffic,96,2022,mixed,0.25,1.0,uniform,all,0.0,none,0,0.7754932045936584,0.4119966924190521,6947,2026-03-10 09:06:27
augmentation,TimesNet,ETTh1,336,2021,mixed,0.25,1.0,uniform,all,0.0,none,0,0.5202845931053162,0.4860576093196869,446,2026-03-10 09:18:58
augmentation,TimesNet,ETTh1,96,2022,mixed,0.25,1.0,uniform,all,0.0,none,0,0.4240950644016266,0.4325030446052551,448,2026-03-10 09:18:59
augmentation,TimesNet,ETTh1,96,2023,mixed,0.25,1.0,uniform,all,0.0,none,0,0.4062196016311645,0.4203084111213684,449,2026-03-10 09:19:01
augmentation,TimesNet,ETTh1,96,2021,mixed,0.25,1.0,uniform,all,0.0,none,0,0.4412630498409271,0.4426687955856323,455,2026-03-10 09:19:07
augmentation,TimesNet,ETTh1,96,2022,mixed,0.5,1.0,uniform,all,0.0,none,0,0.4172785878181457,0.4276410639286041,551,2026-03-10 09:20:43
augmentation,TimesNet,ETTh1,96,2021,mixed,0.5,1.0,uniform,all,0.0,none,0,0.4415697455406189,0.4415250420570373,555,2026-03-10 09:20:47
augmentation,TimesNet,ETTh1,96,2023,mixed,0.5,1.0,uniform,all,0.0,none,0,0.4440482556819916,0.4446252882480621,573,2026-03-10 09:21:05
augmentation,TimesNet,ETTh1,96,2023,mixed,1.0,1.0,uniform,all,0.0,none,0,0.4440482556819916,0.4446252882480621,666,2026-03-10 09:22:38
augmentation,TimesNet,ETTh1,96,2022,mixed,1.0,1.0,uniform,all,0.0,none,0,0.4151388704776764,0.4266127049922943,727,2026-03-10 09:23:39
augmentation,TimesNet,ETTh1,96,2021,mixed,1.0,1.0,uniform,all,0.0,none,0,0.4416845440864563,0.4415576756000519,736,2026-03-10 09:23:48
augmentation,TimesNet,ETTh2,96,2022,mixed,0.25,1.0,uniform,all,0.0,none,0,0.3038233518600464,0.3517783284187317,492,2026-03-10 09:29:26
augmentation,TimesNet,ETTh1,336,2021,mixed,0.5,1.0,uniform,all,0.0,none,0,0.5079876184463501,0.4795036315917969,616,2026-03-10 09:29:40
augmentation,TimesNet,ETTh1,336,2023,mixed,0.5,1.0,uniform,all,0.0,none,0,0.4958171248435974,0.4712755382061004,630,2026-03-10 09:29:57
augmentation,TimesNet,ETTh2,96,2023,mixed,0.25,1.0,uniform,all,0.0,none,0,0.3062278628349304,0.3538083434104919,520,2026-03-10 09:30:11
augmentation,TimesNet,ETTh1,336,2021,mixed,1.0,1.0,uniform,all,0.0,none,0,0.5079876184463501,0.4795036315917969,823,2026-03-10 09:33:17
augmentation,TimesNet,ETTh1,336,2022,mixed,0.5,1.0,uniform,all,0.0,none,0,0.5057704448699951,0.477690190076828,1071,2026-03-10 09:37:16
augmentation,TimesNet,ETTh1,336,2023,mixed,1.0,1.0,uniform,all,0.0,none,0,0.4897999167442322,0.4667282402515411,1037,2026-03-10 09:37:56
augmentation,TimesNet,ETTh2,96,2021,mixed,1.0,1.0,uniform,all,0.0,none,0,0.3164231479167938,0.3629688620567322,770,2026-03-10 09:42:42
augmentation,TimesNet,ETTh2,96,2022,mixed,1.0,1.0,uniform,all,0.0,none,0,0.3009606301784515,0.3504514992237091,762,2026-03-10 09:42:48
augmentation,TimesNet,ETTh2,96,2023,mixed,1.0,1.0,uniform,all,0.0,none,0,0.3034208714962005,0.3528220653533935,760,2026-03-10 09:43:03
augmentation,TimesNet,ETTh2,336,2021,mixed,0.5,1.0,uniform,all,0.0,none,0,0.4511245191097259,0.4515727162361145,585,2026-03-10 09:43:28
augmentation,TimesNet,ETTh2,336,2023,mixed,0.5,1.0,uniform,all,0.0,none,0,0.4538863897323608,0.4567886888980865,607,2026-03-10 09:44:09
augmentation,TimesNet,ETTh1,336,2022,mixed,1.0,1.0,uniform,all,0.0,none,0,0.5001787543296814,0.4730503857135772,1599,2026-03-10 09:47:05
augmentation,TimesNet,ETTh2,336,2021,mixed,1.0,1.0,uniform,all,0.0,none,0,0.4482729732990265,0.447957694530487,797,2026-03-10 09:50:59
augmentation,TimesNet,ETTh2,336,2022,mixed,0.5,1.0,uniform,all,0.0,none,0,0.4252327084541321,0.434849739074707,1106,2026-03-10 09:52:25
augmentation,TimesNet,ETTh2,336,2023,mixed,1.0,1.0,uniform,all,0.0,none,0,0.4244022667407989,0.4306769371032715,1083,2026-03-10 09:56:25
augmentation,TimesNet,ETTm1,96,2023,mixed,0.25,1.0,uniform,all,0.0,none,0,0.3397501707077026,0.3767707943916321,1207,2026-03-10 10:03:15
augmentation,TimesNet,ETTm1,96,2021,mixed,0.25,1.0,uniform,all,0.0,none,0,0.3387406766414642,0.3781177401542663,1355,2026-03-10 10:04:27
augmentation,TimesNet,ETTm1,96,2022,mixed,0.25,1.0,uniform,all,0.0,none,0,0.3304731249809265,0.3697880208492279,1363,2026-03-10 10:05:03
augmentation,TimesNet,ETTh2,336,2022,mixed,1.0,1.0,uniform,all,0.0,none,0,0.4228602349758148,0.4324142336845398,1710,2026-03-10 10:06:47
augmentation,TimesNet,ETTm1,96,2021,mixed,1.0,1.0,uniform,all,0.0,none,0,0.3387406766414642,0.3781177401542663,1452,2026-03-10 10:08:48
augmentation,TimesNet,ETTm1,96,2021,mixed,0.5,1.0,uniform,all,0.0,none,0,0.3387406766414642,0.3781177401542663,1581,2026-03-10 10:09:35
augmentation,TimesNet,ETTm1,96,2023,mixed,0.5,1.0,uniform,all,0.0,none,0,0.3511568903923034,0.3844202756881714,1872,2026-03-10 10:15:06
augmentation,TimesNet,ETTm1,96,2022,mixed,0.5,1.0,uniform,all,0.0,none,0,0.3319118618965149,0.3705614507198334,2243,2026-03-10 10:20:52
augmentation,TimesNet,ETTm1,336,2021,mixed,0.25,1.0,uniform,all,0.0,none,0,0.4246897101402282,0.4259091019630432,1889,2026-03-10 10:24:20
augmentation,TimesNet,ETTm1,96,2022,mixed,1.0,1.0,uniform,all,0.0,none,0,0.3319118618965149,0.3705614507198334,2340,2026-03-10 10:26:32
augmentation,TimesNet,ETTm1,336,2022,mixed,0.25,1.0,uniform,all,0.0,none,0,0.4342655539512634,0.4296944737434387,2378,2026-03-10 10:36:30
augmentation,TimesNet,ETTm1,336,2021,mixed,0.5,1.0,uniform,all,0.0,none,0,0.4301787614822387,0.4256945550441742,2381,2026-03-10 10:44:36
augmentation,TimesNet,ETTm1,96,2023,mixed,1.0,1.0,uniform,all,0.0,none,0,0.3400734364986419,0.3776120841503143,3361,2026-03-10 10:47:26
augmentation,TimesNet,ETTm1,336,2023,mixed,0.25,1.0,uniform,all,0.0,none,0,0.4234932661056518,0.421104371547699,2850,2026-03-10 10:51:12
augmentation,TimesNet,ETTm1,336,2022,mixed,0.5,1.0,uniform,all,0.0,none,0,0.432452380657196,0.4237629473209381,2851,2026-03-10 10:53:01
augmentation,TimesNet,ETTm1,336,2021,mixed,1.0,1.0,uniform,all,0.0,none,0,0.4301787614822387,0.4256945550441742,2657,2026-03-10 10:53:32
augmentation,TimesNet,ETTm1,336,2023,mixed,0.5,1.0,uniform,all,0.0,none,0,0.4245181977748871,0.4207067787647247,3091,2026-03-10 10:58:45
augmentation,TimesNet,ETTm2,96,2021,mixed,0.5,1.0,uniform,all,0.0,none,0,0.1766540259122848,0.2602522373199463,2178,2026-03-10 11:13:15
augmentation,TimesNet,ETTm2,96,2022,mixed,0.5,1.0,uniform,all,0.0,none,0,0.1757629215717315,0.259874016046524,1830,2026-03-10 11:15:33
augmentation,TimesNet,ETTm2,96,2023,mixed,0.5,1.0,uniform,all,0.0,none,0,0.183130994439125,0.2685421109199524,1754,2026-03-10 11:17:07
augmentation,TimesNet,ETTm1,336,2022,mixed,1.0,1.0,uniform,all,0.0,none,0,0.4447058141231537,0.4271582067012787,4597,2026-03-10 11:26:39
augmentation,TimesNet,ETTm1,336,2023,mixed,1.0,1.0,uniform,all,0.0,none,0,0.4248528182506561,0.4197578430175781,4376,2026-03-10 11:28:30
augmentation,TimesNet,ETTm2,336,2021,mixed,0.25,1.0,uniform,all,0.0,none,0,0.3125031888484955,0.3433463275432586,2468,2026-03-10 11:34:36
augmentation,TimesNet,ETTm2,336,2022,mixed,0.25,1.0,uniform,all,0.0,none,0,0.3258390128612518,0.3523532152175903,2583,2026-03-10 11:37:02
augmentation,TimesNet,ETTm2,336,2021,mixed,0.5,1.0,uniform,all,0.0,none,0,0.3125031888484955,0.3433463275432586,2336,2026-03-10 11:38:08
augmentation,TimesNet,ETTm2,96,2021,mixed,1.0,1.0,uniform,all,0.0,none,0,0.1755284518003463,0.2590190768241882,3026,2026-03-10 11:39:02
augmentation,TimesNet,ETTm2,96,2022,mixed,1.0,1.0,uniform,all,0.0,none,0,0.1736841201782226,0.2567964196205139,2928,2026-03-10 11:40:27
augmentation,TimesNet,ETTm2,96,2023,mixed,1.0,1.0,uniform,all,0.0,none,0,0.1796555519104004,0.2651064693927765,3284,2026-03-10 11:46:48
augmentation,TimesNet,ETTm2,336,2023,mixed,0.5,1.0,uniform,all,0.0,none,0,0.3098643124103546,0.3423914611339569,2645,2026-03-10 11:50:08
augmentation,TimesNet,ETTm2,336,2023,mixed,0.25,1.0,uniform,all,0.0,none,0,0.3098940253257751,0.3424036800861358,3436,2026-03-10 11:52:09
augmentation,TimesNet,ETTm2,336,2021,mixed,1.0,1.0,uniform,all,0.0,none,0,0.3138267993927002,0.3426693677902221,3094,2026-03-10 11:59:07
augmentation,TimesNet,ETTm2,336,2022,mixed,0.5,1.0,uniform,all,0.0,none,0,0.3157750964164734,0.3447068333625793,3519,2026-03-10 12:03:14
augmentation,TimesNet,Weather,96,2021,mixed,0.5,1.0,uniform,all,0.0,none,0,0.1658524572849273,0.2145524024963379,1704,2026-03-10 12:03:27
augmentation,TimesNet,Weather,96,2023,mixed,0.25,1.0,uniform,all,0.0,none,0,0.1708278656005859,0.22042977809906,2118,2026-03-10 12:04:15
augmentation,TimesNet,Weather,96,2023,mixed,0.5,1.0,uniform,all,0.0,none,0,0.1708278656005859,0.22042977809906,1741,2026-03-10 12:07:37
augmentation,TimesNet,Weather,96,2022,mixed,0.5,1.0,uniform,all,0.0,none,0,0.1671028584241867,0.2170703113079071,1939,2026-03-10 12:09:49
augmentation,TimesNet,Weather,336,2021,mixed,0.25,1.0,uniform,all,0.0,none,0,0.283027321100235,0.3057039976119995,1748,2026-03-10 12:17:32
augmentation,TimesNet,Weather,336,2022,mixed,0.25,1.0,uniform,all,0.0,none,0,0.2756441533565521,0.3010795712471008,1717,2026-03-10 12:19:12
augmentation,TimesNet,Weather,336,2021,mixed,0.5,1.0,uniform,all,0.0,none,0,0.2775677442550659,0.3024751842021942,1958,2026-03-10 12:25:14
augmentation,TimesNet,Weather,96,2021,mixed,1.0,1.0,uniform,all,0.0,none,0,0.1637592911720276,0.2130050808191299,2752,2026-03-10 12:25:21
augmentation,TimesNet,Weather,96,2023,mixed,1.0,1.0,uniform,all,0.0,none,0,0.1668825894594192,0.2160937786102295,2470,2026-03-10 12:28:25
augmentation,TimesNet,Weather,96,2022,mixed,1.0,1.0,uniform,all,0.0,none,0,0.1661003977060318,0.2159114927053451,3035,2026-03-10 12:31:30
augmentation,TimesNet,Weather,336,2023,mixed,0.25,1.0,uniform,all,0.0,none,0,0.2783287763595581,0.3020420670509338,2532,2026-03-10 12:34:24
augmentation,TimesNet,Weather,336,2022,mixed,0.5,1.0,uniform,all,0.0,none,0,0.2752085924148559,0.3008913993835449,2134,2026-03-10 12:35:08
augmentation,TimesNet,ETTm2,336,2022,mixed,1.0,1.0,uniform,all,0.0,none,0,0.3156302869319916,0.3439318239688873,5120,2026-03-10 12:39:02
augmentation,TimesNet,Weather,336,2023,mixed,0.5,1.0,uniform,all,0.0,none,0,0.2751882970333099,0.2998572885990143,2649,2026-03-10 12:47:53
augmentation,TimesNet,ETTm2,336,2023,mixed,1.0,1.0,uniform,all,0.0,none,0,0.3191376030445099,0.3472461700439453,5728,2026-03-10 12:51:28
augmentation,TimesNet,Weather,336,2021,mixed,1.0,1.0,uniform,all,0.0,none,0,0.2762367129325866,0.3004894852638244,3255,2026-03-10 12:58:08
augmentation,TimesNet,Weather,336,2022,mixed,1.0,1.0,uniform,all,0.0,none,0,0.2752085924148559,0.3008913993835449,3212,2026-03-10 12:58:14
augmentation,TimesNet,Weather,336,2023,mixed,1.0,1.0,uniform,all,0.0,none,0,0.2751882970333099,0.2998572885990143,3887,2026-03-10 13:12:52
augmentation,TimesNet,Electricity,96,2021,mixed,0.25,1.0,uniform,all,0.0,none,0,0.2009745985269546,0.3049265146255493,4057,2026-03-10 13:17:54
augmentation,TimesNet,Electricity,96,2022,mixed,0.25,1.0,uniform,all,0.0,none,0,0.2083699405193328,0.3112083077430725,3961,2026-03-10 13:24:00
augmentation,TimesNet,Electricity,96,2023,mixed,0.25,1.0,uniform,all,0.0,none,0,0.2587238550186157,0.3435400128364563,4017,2026-03-10 13:26:36
augmentation,TimesNet,Electricity,336,2022,mixed,0.25,1.0,uniform,all,0.0,none,0,0.2766750454902649,0.3594557344913482,6419,2026-03-10 14:35:21
augmentation,TimesNet,Electricity,336,2023,mixed,0.25,1.0,uniform,all,0.0,none,0,0.2678117752075195,0.3518448770046234,6952,2026-03-10 14:47:47
augmentation,TimesNet,Traffic,96,2021,mixed,0.25,1.0,uniform,all,0.0,none,0,0.6574552655220032,0.373407244682312,6817,2026-03-10 15:52:51
augmentation,TimesNet,Traffic,96,2022,mixed,0.25,1.0,uniform,all,0.0,none,0,0.654066801071167,0.3664664626121521,6843,2026-03-10 16:20:13
augmentation,TimesNet,Traffic,96,2023,mixed,0.25,1.0,uniform,all,0.0,none,0,0.6530686020851135,0.3711431324481964,6870,2026-03-10 16:21:09
augmentation,iTransformer,ETTh1,96,2021,mixed,0.25,1.0,uniform,all,0.0,none,0,0.3895083367824554,0.4066052734851837,93,2026-03-10 16:31:47
augmentation,iTransformer,ETTh1,96,2022,mixed,0.25,1.0,uniform,all,0.0,none,0,0.3930528461933136,0.4077873229980469,98,2026-03-10 16:33:52
augmentation,iTransformer,ETTh1,96,2023,mixed,0.25,1.0,uniform,all,0.0,none,0,0.3947870433330536,0.4081610143184662,93,2026-03-10 16:34:48
augmentation,iTransformer,ETTh1,96,2023,mixed,0.5,1.0,uniform,all,0.0,none,0,0.3950631022453308,0.407791793346405,121,2026-03-10 16:38:16
augmentation,iTransformer,ETTh1,336,2021,mixed,0.25,1.0,uniform,all,0.0,none,0,0.4877406060695648,0.4596586227416992,89,2026-03-10 16:39:15
augmentation,iTransformer,ETTh1,96,2021,mixed,1.0,1.0,uniform,all,0.0,none,0,0.392267644405365,0.4063997566699981,208,2026-03-10 16:39:45
augmentation,iTransformer,ETTh1,96,2022,mixed,1.0,1.0,uniform,all,0.0,none,0,0.3948160111904144,0.4072200655937195,202,2026-03-10 16:40:07
augmentation,iTransformer,ETTh1,96,2023,mixed,1.0,1.0,uniform,all,0.0,none,0,0.39567631483078,0.4071063995361328,199,2026-03-10 16:40:11
augmentation,iTransformer,ETTh1,336,2022,mixed,0.25,1.0,uniform,all,0.0,none,0,0.4919658005237579,0.4637811779975891,94,2026-03-10 16:40:16
augmentation,iTransformer,ETTh1,336,2021,mixed,0.5,1.0,uniform,all,0.0,none,0,0.5052371025085449,0.4667580425739288,121,2026-03-10 16:42:14
augmentation,iTransformer,ETTh2,96,2021,mixed,0.25,1.0,uniform,all,0.0,none,0,0.2990821301937103,0.3480598330497741,64,2026-03-10 16:44:04
augmentation,iTransformer,ETTh2,96,2022,mixed,0.25,1.0,uniform,all,0.0,none,0,0.3029361963272095,0.3473635017871856,69,2026-03-10 16:45:18
augmentation,iTransformer,ETTh2,96,2023,mixed,0.25,1.0,uniform,all,0.0,none,0,0.3015586137771606,0.3506509363651275,67,2026-03-10 16:45:37
augmentation,iTransformer,ETTh1,336,2021,mixed,1.0,1.0,uniform,all,0.0,none,0,0.4873869717121124,0.4576729536056518,322,2026-03-10 16:46:04
augmentation,iTransformer,ETTh1,336,2022,mixed,1.0,1.0,uniform,all,0.0,none,0,0.4901917576789856,0.4600197672843933,290,2026-03-10 16:46:30
augmentation,iTransformer,ETTh2,96,2022,mixed,0.5,1.0,uniform,all,0.0,none,0,0.2964999377727508,0.3448781967163086,80,2026-03-10 16:47:23
augmentation,iTransformer,ETTh2,96,2023,mixed,0.5,1.0,uniform,all,0.0,none,0,0.301107108592987,0.3484317660331726,77,2026-03-10 16:47:47
augmentation,iTransformer,ETTh1,336,2023,mixed,1.0,1.0,uniform,all,0.0,none,0,0.4904655814170837,0.4586643278598785,329,2026-03-10 16:48:11
augmentation,iTransformer,ETTh2,96,2021,mixed,1.0,1.0,uniform,all,0.0,none,0,0.3088403940200805,0.3496036529541015,151,2026-03-10 16:49:27
augmentation,iTransformer,ETTh2,336,2021,mixed,0.25,1.0,uniform,all,0.0,none,0,0.4330966770648956,0.4347560107707977,76,2026-03-10 16:49:30
augmentation,iTransformer,ETTh2,96,2022,mixed,1.0,1.0,uniform,all,0.0,none,0,0.3079459369182586,0.3518965244293213,125,2026-03-10 16:49:32
augmentation,iTransformer,ETTh2,96,2023,mixed,1.0,1.0,uniform,all,0.0,none,0,0.3092839121818542,0.3532095551490783,121,2026-03-10 16:49:50
augmentation,iTransformer,ETTh2,336,2022,mixed,0.25,1.0,uniform,all,0.0,none,0,0.4297688007354736,0.437118262052536,73,2026-03-10 16:49:52
augmentation,iTransformer,ETTh2,336,2022,mixed,0.5,1.0,uniform,all,0.0,none,0,0.4253773093223572,0.4330731332302093,91,2026-03-10 16:51:27
augmentation,iTransformer,ETTh2,336,2023,mixed,0.5,1.0,uniform,all,0.0,none,0,0.4288314282894134,0.4330143332481384,88,2026-03-10 16:51:27
augmentation,iTransformer,ETTh2,336,2021,mixed,0.5,1.0,uniform,all,0.0,none,0,0.4262771010398865,0.4323828518390655,106,2026-03-10 16:51:39
augmentation,iTransformer,ETTh2,336,2022,mixed,1.0,1.0,uniform,all,0.0,none,0,0.4253773093223572,0.4330731332302093,145,2026-03-10 16:52:45
augmentation,iTransformer,ETTh2,336,2021,mixed,1.0,1.0,uniform,all,0.0,none,0,0.429994523525238,0.4340013265609741,174,2026-03-10 16:53:11
augmentation,iTransformer,ETTh2,336,2023,mixed,1.0,1.0,uniform,all,0.0,none,0,0.4295890033245086,0.4352876245975494,176,2026-03-10 16:53:22
augmentation,iTransformer,ETTm1,96,2021,mixed,0.5,1.0,uniform,all,0.0,none,0,0.3420572280883789,0.3757666647434234,350,2026-03-10 16:59:27
augmentation,iTransformer,ETTm1,96,2023,mixed,1.0,1.0,uniform,all,0.0,none,0,0.3339090943336487,0.3698298335075378,478,2026-03-10 17:04:21
augmentation,iTransformer,ETTm1,96,2021,mixed,1.0,1.0,uniform,all,0.0,none,0,0.329555332660675,0.3679363429546356,540,2026-03-10 17:04:52
augmentation,iTransformer,ETTm1,96,2022,mixed,1.0,1.0,uniform,all,0.0,none,0,0.3343131840229034,0.3709148168563843,584,2026-03-10 17:05:53
augmentation,iTransformer,ETTm2,96,2021,mixed,0.25,1.0,uniform,all,0.0,none,0,0.1812418550252914,0.2622853219509125,161,2026-03-10 17:09:00
augmentation,iTransformer,ETTm2,96,2022,mixed,0.25,1.0,uniform,all,0.0,none,0,0.18166184425354,0.2617919445037842,166,2026-03-10 17:09:10
augmentation,iTransformer,ETTm2,96,2023,mixed,0.5,1.0,uniform,all,0.0,none,0,0.1784570813179016,0.259029746055603,236,2026-03-10 17:13:51
augmentation,iTransformer,ETTm1,336,2023,mixed,0.5,1.0,uniform,all,0.0,none,0,0.4219383299350738,0.4211753308773041,565,2026-03-10 17:14:13
augmentation,iTransformer,ETTm2,96,2021,mixed,0.5,1.0,uniform,all,0.0,none,0,0.1821065992116928,0.2655755579471588,311,2026-03-10 17:14:37
augmentation,iTransformer,ETTm1,336,2023,mixed,1.0,1.0,uniform,all,0.0,none,0,0.4219383299350738,0.4211753308773041,764,2026-03-10 17:18:50
augmentation,iTransformer,ETTm2,96,2023,mixed,1.0,1.0,uniform,all,0.0,none,0,0.1814227849245071,0.2620100378990173,322,2026-03-10 17:20:01
augmentation,iTransformer,ETTm2,96,2021,mixed,1.0,1.0,uniform,all,0.0,none,0,0.1768420487642288,0.2573285400867462,532,2026-03-10 17:20:16
augmentation,iTransformer,ETTm2,96,2022,mixed,1.0,1.0,uniform,all,0.0,none,0,0.1790137737989425,0.2595900297164917,390,2026-03-10 17:20:47
augmentation,iTransformer,ETTm1,336,2022,mixed,1.0,1.0,uniform,all,0.0,none,0,0.4250974357128143,0.4232384264469147,903,2026-03-10 17:20:48
augmentation,SegRNN,ETTm1,96,2021,mixed,0.25,1.0,uniform,all,0.0,none,0,0.3542591333389282,0.3886877298355102,240,2026-03-10 17:35:24
augmentation,SegRNN,ETTm1,96,2022,mixed,0.25,1.0,uniform,all,0.0,none,0,0.351471483707428,0.3871300816535949,254,2026-03-10 17:35:39
augmentation,SegRNN,ETTm1,96,2023,mixed,0.25,1.0,uniform,all,0.0,none,0,0.3524212539196014,0.388240098953247,240,2026-03-10 17:39:42
augmentation,SegRNN,ETTm1,96,2021,mixed,0.5,1.0,uniform,all,0.0,none,0,0.3675544559955597,0.3970950543880462,363,2026-03-10 17:42:00
augmentation,SegRNN,ETTm1,96,2022,mixed,0.5,1.0,uniform,all,0.0,none,0,0.3655858635902405,0.3961080610752105,429,2026-03-10 17:47:09
augmentation,DLinear,ETTh2,336,2022,mixed,0.25,1.0,uniform,all,0.0,none,0,0.5933007597923279,0.5424699783325195,110,2026-03-10 17:51:08
augmentation,DLinear,ETTh2,336,2022,mixed,0.5,1.0,uniform,all,0.0,none,0,0.5933007597923279,0.5424699783325195,105,2026-03-10 17:51:12
augmentation,DLinear,Electricity,336,2022,mixed,0.25,1.0,uniform,all,0.0,none,0,0.2387268990278244,0.3320928812026977,6993,2026-03-10 19:48:19
augmentation,DLinear,Electricity,336,2023,mixed,0.25,1.0,uniform,all,0.0,none,0,0.2388147413730621,0.3322310447692871,7125,2026-03-10 19:50:33
augmentation,DLinear,Electricity,96,2021,mixed,0.5,1.0,uniform,all,0.0,none,0,0.2376980185508728,0.3280184268951416,7534,2026-03-10 19:57:03
augmentation,DLinear,Electricity,96,2023,mixed,0.5,1.0,uniform,all,0.0,none,0,0.2377297580242157,0.328143298625946,7687,2026-03-10 19:59:41
augmentation,DLinear,Electricity,96,2022,mixed,0.5,1.0,uniform,all,0.0,none,0,0.2378149330615997,0.3282451629638672,8022,2026-03-10 20:05:13
augmentation,SegRNN,ETTh1,96,2021,mixed,0.5,1.0,uniform,all,0.0,none,0,0.4049953520298004,0.4191004633903503,121,2026-03-10 20:57:40
augmentation,SegRNN,ETTh1,96,2022,mixed,0.5,1.0,uniform,all,0.0,none,0,0.4058153927326202,0.4193814992904663,108,2026-03-10 20:59:55
augmentation,SegRNN,ETTh1,336,2021,mixed,0.25,1.0,uniform,all,0.0,none,0,0.4695442616939544,0.4534607529640198,109,2026-03-10 21:03:54
augmentation,SegRNN,ETTh2,96,2023,mixed,0.25,1.0,uniform,all,0.0,none,0,0.2901172339916229,0.3409858644008636,81,2026-03-10 21:09:58
augmentation,SegRNN,ETTh2,96,2021,mixed,0.5,1.0,uniform,all,0.0,none,0,0.2927460968494415,0.3440816402435303,94,2026-03-10 21:11:58
augmentation,SegRNN,ETTh2,96,2022,mixed,0.5,1.0,uniform,all,0.0,none,0,0.2927978038787842,0.3434205651283264,105,2026-03-10 21:14:10
augmentation,SegRNN,ETTh2,96,2023,mixed,0.5,1.0,uniform,all,0.0,none,0,0.2934686839580536,0.3441337347030639,112,2026-03-10 21:16:28
augmentation,SegRNN,ETTm1,336,2021,mixed,0.25,1.0,uniform,all,0.0,none,0,0.4165998101234436,0.4224713444709778,392,2026-03-10 21:32:27
augmentation,SegRNN,ETTm1,336,2022,mixed,0.25,1.0,uniform,all,0.0,none,0,0.4177379012107849,0.4232867658138275,378,2026-03-10 21:39:12
augmentation,SegRNN,ETTm1,336,2023,mixed,0.25,1.0,uniform,all,0.0,none,0,0.4186964333057403,0.42386594414711,289,2026-03-10 21:44:28
augmentation,SegRNN,ETTm2,96,2023,mixed,0.25,1.0,uniform,all,0.0,none,0,0.173829510807991,0.2570575177669525,247,2026-03-10 21:52:28
augmentation,SegRNN,ETTm2,96,2021,mixed,0.5,1.0,uniform,all,0.0,none,0,0.1762322038412094,0.2593032419681549,399,2026-03-10 21:59:34
augmentation,SegRNN,ETTm2,96,2022,mixed,0.5,1.0,uniform,all,0.0,none,0,0.175740584731102,0.2585611641407013,401,2026-03-10 22:06:41
augmentation,SegRNN,ETTm2,96,2023,mixed,0.5,1.0,uniform,all,0.0,none,0,0.1765182316303253,0.2598294913768768,404,2026-03-10 22:13:52
augmentation,SegRNN,ETTm2,336,2021,mixed,0.25,1.0,uniform,all,0.0,none,0,0.3010199069976806,0.3389012217521667,321,2026-03-10 22:20:56
augmentation,SegRNN,ETTm2,336,2022,mixed,0.25,1.0,uniform,all,0.0,none,0,0.3001022338867187,0.3377303183078766,392,2026-03-10 22:27:55
augmentation,SegRNN,ETTm2,336,2023,mixed,0.25,1.0,uniform,all,0.0,none,0,0.3012126088142395,0.3388340175151825,386,2026-03-10 22:34:47
augmentation,SegRNN,Weather,96,2021,mixed,0.25,1.0,uniform,all,0.0,none,0,0.166486382484436,0.2302222847938537,594,2026-03-10 22:47:42
augmentation,SegRNN,Weather,96,2022,mixed,0.25,1.0,uniform,all,0.0,none,0,0.1662008762359619,0.2300181537866592,612,2026-03-10 22:58:21
augmentation,SegRNN,Weather,96,2023,mixed,0.25,1.0,uniform,all,0.0,none,0,0.1663919389247894,0.2300029546022415,587,2026-03-10 22:59:14
augmentation,SegRNN,Weather,336,2021,mixed,0.25,1.0,uniform,all,0.0,none,0,0.2690010964870453,0.3152945339679718,1034,2026-03-10 23:11:17
augmentation,SegRNN,Weather,336,2023,mixed,0.25,1.0,uniform,all,0.0,none,0,0.2695729434490204,0.3165430724620819,1001,2026-03-10 23:15:28
augmentation,SegRNN,Weather,336,2022,mixed,0.25,1.0,uniform,all,0.0,none,0,0.2688084244728088,0.315446674823761,1057,2026-03-10 23:15:34
augmentation,DLinear,Electricity,96,2022,mixed,1.0,1.0,uniform,all,0.0,none,0,0.2509069442749023,0.3446745574474334,10341,2026-03-10 23:24:07
augmentation,DLinear,Electricity,96,2021,mixed,1.0,1.0,uniform,all,0.0,none,0,0.2510459721088409,0.3451748490333557,10648,2026-03-10 23:28:56
augmentation,SegRNN,Electricity,96,2021,mixed,0.5,1.0,uniform,all,0.0,none,0,0.2148619890213012,0.30222949385643,7477,2026-03-11 01:06:51
augmentation,SegRNN,Electricity,96,2022,mixed,0.5,1.0,uniform,all,0.0,none,0,0.2247296124696731,0.3142156600952148,7631,2026-03-11 01:09:25
augmentation,SegRNN,Electricity,96,2023,mixed,0.5,1.0,uniform,all,0.0,none,0,0.214787557721138,0.3021100163459778,7628,2026-03-11 01:13:36
augmentation,TimesNet,ETTh1,336,2022,mixed,0.25,1.0,uniform,all,0.0,none,0,0.5140279531478882,0.4881435334682464,527,2026-03-11 03:04:14
augmentation,TimesNet,ETTh1,336,2023,mixed,0.25,1.0,uniform,all,0.0,none,0,0.501439094543457,0.4769600331783294,518,2026-03-11 03:04:26
augmentation,TimesNet,ETTh2,96,2022,mixed,0.5,1.0,uniform,all,0.0,none,0,0.2995696067810058,0.3488047122955322,570,2026-03-11 03:14:48
augmentation,TimesNet,ETTh2,96,2021,mixed,0.5,1.0,uniform,all,0.0,none,0,0.3112353384494781,0.3571722507476806,629,2026-03-11 03:15:35
augmentation,TimesNet,ETTh2,96,2023,mixed,0.5,1.0,uniform,all,0.0,none,0,0.3062359094619751,0.3538122177124023,479,2026-03-11 03:16:03
augmentation,TimesNet,ETTh2,336,2021,mixed,0.25,1.0,uniform,all,0.0,none,0,0.4391704499721527,0.4438024461269378,442,2026-03-11 07:18:00
augmentation,TimesNet,ETTh2,336,2023,mixed,0.25,1.0,uniform,all,0.0,none,0,0.4516873657703399,0.4502345621585846,528,2026-03-11 07:19:26
augmentation,TimesNet,ETTh2,336,2022,mixed,0.25,1.0,uniform,all,0.0,none,0,0.426214337348938,0.4365914762020111,698,2026-03-11 07:22:17
augmentation,TimesNet,Weather,96,2021,mixed,0.25,1.0,uniform,all,0.0,none,0,0.1666967719793319,0.2163532674312591,1245,2026-03-11 07:33:05
augmentation,TimesNet,ETTm2,96,2022,mixed,0.25,1.0,uniform,all,0.0,none,0,0.1810583919286728,0.2614485621452331,1368,2026-03-11 07:34:17
augmentation,TimesNet,ETTm2,96,2023,mixed,0.25,1.0,uniform,all,0.0,none,0,0.1783315241336822,0.2600862979888916,1475,2026-03-11 07:36:04
augmentation,TimesNet,ETTm2,96,2021,mixed,0.25,1.0,uniform,all,0.0,none,0,0.1791741997003555,0.2584609985351562,1990,2026-03-11 07:44:39
augmentation,TimesNet,Weather,96,2022,mixed,0.25,1.0,uniform,all,0.0,none,0,0.1635691821575164,0.2127809077501297,2046,2026-03-11 07:46:26
augmentation,TimesNet,Electricity,336,2021,mixed,0.25,1.0,uniform,all,0.0,none,0,0.2728694975376129,0.3588290214538574,7127,2026-03-11 09:12:26
augmentation,TimesNet,Electricity,96,2021,mixed,0.5,1.0,uniform,all,0.0,none,0,0.2028213590383529,0.30778369307518,7676,2026-03-11 09:21:19
augmentation,TimesNet,Electricity,96,2023,mixed,0.5,1.0,uniform,all,0.0,none,0,0.2077220678329467,0.311403751373291,7669,2026-03-11 09:21:26
augmentation,TimesNet,Electricity,96,2022,mixed,0.5,1.0,uniform,all,0.0,none,0,0.2031896263360977,0.3081168234348297,7748,2026-03-11 09:22:44
augmentation,iTransformer,ETTh1,96,2021,mixed,0.5,1.0,uniform,all,0.0,none,0,0.3956477344036102,0.4092285335063934,123,2026-03-11 10:49:43
augmentation,iTransformer,ETTh1,96,2022,mixed,0.5,1.0,uniform,all,0.0,none,0,0.3952761888504028,0.4083082973957062,120,2026-03-11 10:49:44
augmentation,iTransformer,ETTh1,336,2023,mixed,0.25,1.0,uniform,all,0.0,none,0,0.5015888214111328,0.468903124332428,95,2026-03-11 10:53:02
augmentation,iTransformer,ETTh1,336,2022,mixed,0.5,1.0,uniform,all,0.0,none,0,0.4915018081665039,0.4605192542076111,129,2026-03-11 10:54:02
augmentation,iTransformer,ETTh1,336,2023,mixed,0.5,1.0,uniform,all,0.0,none,0,0.5020264983177185,0.4669920206069946,185,2026-03-11 10:56:34
augmentation,iTransformer,ETTh2,96,2021,mixed,0.5,1.0,uniform,all,0.0,none,0,0.3014160990715027,0.3474009037017822,83,2026-03-11 10:58:23
augmentation,iTransformer,ETTh2,336,2023,mixed,0.25,1.0,uniform,all,0.0,none,0,0.4240710139274597,0.4324746429920196,77,2026-03-11 11:00:32
augmentation,iTransformer,ETTm1,96,2021,mixed,0.25,1.0,uniform,all,0.0,none,0,0.3362195193767547,0.3712028563022613,216,2026-03-11 11:05:00
augmentation,iTransformer,ETTm1,96,2022,mixed,0.25,1.0,uniform,all,0.0,none,0,0.3367021977901459,0.3723349869251251,237,2026-03-11 11:05:45
augmentation,iTransformer,ETTm1,96,2023,mixed,0.25,1.0,uniform,all,0.0,none,0,0.3404752910137176,0.3741494119167328,232,2026-03-11 11:09:19
augmentation,iTransformer,ETTm1,96,2022,mixed,0.5,1.0,uniform,all,0.0,none,0,0.3402419090270996,0.3743094503879547,273,2026-03-11 11:11:10
augmentation,iTransformer,ETTm1,96,2023,mixed,0.5,1.0,uniform,all,0.0,none,0,0.3445855379104614,0.3764616549015045,279,2026-03-11 11:14:25
augmentation,iTransformer,ETTm1,336,2021,mixed,0.25,1.0,uniform,all,0.0,none,0,0.4418206214904785,0.4318046867847442,391,2026-03-11 11:19:25
augmentation,iTransformer,ETTm1,336,2022,mixed,0.25,1.0,uniform,all,0.0,none,0,0.4348674416542053,0.4288485646247864,405,2026-03-11 11:21:37
augmentation,iTransformer,ETTm1,336,2023,mixed,0.25,1.0,uniform,all,0.0,none,0,0.444567322731018,0.4333448112010956,343,2026-03-11 11:25:35
augmentation,iTransformer,ETTm1,336,2021,mixed,0.5,1.0,uniform,all,0.0,none,0,0.4335732161998749,0.4277710318565368,446,2026-03-11 11:29:30
augmentation,iTransformer,ETTm1,336,2022,mixed,0.5,1.0,uniform,all,0.0,none,0,0.4369911551475525,0.4319982528686523,592,2026-03-11 11:35:53
augmentation,iTransformer,ETTm2,96,2023,mixed,0.25,1.0,uniform,all,0.0,none,0,0.1784570813179016,0.259029746055603,219,2026-03-11 11:45:58
augmentation,iTransformer,ETTm1,336,2021,mixed,1.0,1.0,uniform,all,0.0,none,0,0.4298612773418426,0.4255470037460327,1283,2026-03-11 11:51:45
augmentation,iTransformer,ETTm2,96,2022,mixed,0.5,1.0,uniform,all,0.0,none,0,0.1790137737989425,0.2595900297164917,315,2026-03-11 11:52:06
augmentation,iTransformer,ETTm2,336,2021,mixed,0.25,1.0,uniform,all,0.0,none,0,0.311581015586853,0.3444148302078247,290,2026-03-11 11:57:54
augmentation,iTransformer,ETTm2,336,2022,mixed,0.25,1.0,uniform,all,0.0,none,0,0.3100116848945617,0.3449150025844574,300,2026-03-11 11:58:24
augmentation,iTransformer,ETTm2,336,2021,mixed,0.5,1.0,uniform,all,0.0,none,0,0.3071129918098449,0.344670683145523,320,2026-03-11 12:04:11
augmentation,iTransformer,ETTm2,336,2023,mixed,0.25,1.0,uniform,all,0.0,none,0,0.3151147365570068,0.3484053611755371,374,2026-03-11 12:04:35
augmentation,iTransformer,ETTm2,336,2022,mixed,0.5,1.0,uniform,all,0.0,none,0,0.313613623380661,0.3497077524662018,322,2026-03-11 12:09:59
augmentation,iTransformer,ETTm2,336,2023,mixed,0.5,1.0,uniform,all,0.0,none,0,0.3088058829307556,0.3448485434055328,314,2026-03-11 12:10:15
augmentation,iTransformer,ETTm2,336,2021,mixed,1.0,1.0,uniform,all,0.0,none,0,0.3085830211639404,0.3447284698486328,501,2026-03-11 12:18:47
augmentation,iTransformer,ETTm2,336,2022,mixed,1.0,1.0,uniform,all,0.0,none,0,0.3113093674182892,0.347055047750473,522,2026-03-11 12:19:24
augmentation,iTransformer,ETTm2,336,2023,mixed,1.0,1.0,uniform,all,0.0,none,0,0.3089880645275116,0.344733864068985,555,2026-03-11 12:22:46
augmentation,iTransformer,Weather,96,2023,mixed,0.25,1.0,uniform,all,0.0,none,0,0.1730111390352249,0.2141028344631195,511,2026-03-11 12:31:02
augmentation,iTransformer,Weather,96,2022,mixed,0.5,1.0,uniform,all,0.0,none,0,0.1784497499465942,0.2209427952766418,918,2026-03-11 12:38:31
augmentation,iTransformer,Weather,96,2021,mixed,0.5,1.0,uniform,all,0.0,none,0,0.1761580556631088,0.2186683565378189,1038,2026-03-11 12:39:50
augmentation,iTransformer,Weather,336,2022,mixed,0.25,1.0,uniform,all,0.0,none,0,0.2789739668369293,0.2969534397125244,633,2026-03-11 12:50:02
augmentation,iTransformer,Weather,96,2022,mixed,1.0,1.0,uniform,all,0.0,none,0,0.1784497499465942,0.2209427952766418,1309,2026-03-11 12:50:25
augmentation,iTransformer,Weather,336,2023,mixed,0.25,1.0,uniform,all,0.0,none,0,0.2801597416400909,0.2978971600532532,662,2026-03-11 12:51:21
augmentation,iTransformer,Weather,96,2023,mixed,1.0,1.0,uniform,all,0.0,none,0,0.180541917681694,0.2233896553516388,1309,2026-03-11 12:53:17
augmentation,TimesNet,Traffic,336,2023,mixed,0.25,1.0,uniform,all,0.0,none,0,0.6964038610458374,0.4050547480583191,9693,2026-03-11 12:55:51
augmentation,iTransformer,Weather,96,2021,mixed,1.0,1.0,uniform,all,0.0,none,0,0.1724568903446197,0.2135685682296753,1911,2026-03-11 12:57:53
augmentation,iTransformer,Weather,336,2021,mixed,0.5,1.0,uniform,all,0.0,none,0,0.2789779901504516,0.2977892458438873,1352,2026-03-11 13:13:02
augmentation,iTransformer,Weather,336,2022,mixed,0.5,1.0,uniform,all,0.0,none,0,0.2810316681861877,0.2985157072544098,1368,2026-03-11 13:13:41
augmentation,iTransformer,Weather,336,2023,mixed,0.5,1.0,uniform,all,0.0,none,0,0.2781049609184265,0.2984193563461303,2016,2026-03-11 13:25:22
augmentation,iTransformer,Weather,336,2022,mixed,1.0,1.0,uniform,all,0.0,none,0,0.2787571847438812,0.2976162731647491,2667,2026-03-11 13:38:11
augmentation,iTransformer,Weather,336,2021,mixed,1.0,1.0,uniform,all,0.0,none,0,0.2795898616313934,0.2973270118236542,2972,2026-03-11 13:41:21
augmentation,iTransformer,Weather,336,2023,mixed,1.0,1.0,uniform,all,0.0,none,0,0.2781049609184265,0.2984193563461303,2731,2026-03-11 13:41:50
augmentation,iTransformer,Electricity,96,2021,mixed,0.25,1.0,uniform,all,0.0,none,0,0.1653409153223037,0.2560777366161346,3813,2026-03-11 14:01:53
augmentation,iTransformer,Electricity,96,2022,mixed,0.25,1.0,uniform,all,0.0,none,0,0.1643452048301696,0.2553206384181976,3806,2026-03-11 14:16:55
augmentation,iTransformer,Electricity,96,2023,mixed,0.25,1.0,uniform,all,0.0,none,0,0.176553413271904,0.2676842212677002,4019,2026-03-11 14:21:08
augmentation,iTransformer,Electricity,96,2021,mixed,0.5,1.0,uniform,all,0.0,none,0,0.1666216999292373,0.2572987973690033,7626,2026-03-11 15:22:09
augmentation,iTransformer,Electricity,96,2022,mixed,0.5,1.0,uniform,all,0.0,none,0,0.1658607572317123,0.2568622529506683,7945,2026-03-11 15:27:28
augmentation,iTransformer,Electricity,336,2022,mixed,0.25,1.0,uniform,all,0.0,none,0,0.1935243159532547,0.2828742563724518,6821,2026-03-11 15:29:45
augmentation,iTransformer,Electricity,336,2021,mixed,0.25,1.0,uniform,all,0.0,none,0,0.1972912102937698,0.2863479554653168,6959,2026-03-11 15:31:03
augmentation,iTransformer,Electricity,336,2023,mixed,0.25,1.0,uniform,all,0.0,none,0,0.1940781772136688,0.2835409045219421,6843,2026-03-11 15:32:07
augmentation,iTransformer,Electricity,96,2023,mixed,0.5,1.0,uniform,all,0.0,none,0,0.165809616446495,0.2566009163856506,8000,2026-03-11 15:33:54
augmentation,PatchTST,ETTh1,96,2021,mixed,0.25,1.0,uniform,all,0.0,none,0,0.429363876581192,0.4310796856880188,55,2026-03-11 18:33:13
augmentation,PatchTST,ETTh1,96,2022,mixed,0.25,1.0,uniform,all,0.0,none,0,0.418433278799057,0.4255540668964386,75,2026-03-11 18:34:33
augmentation,PatchTST,ETTh1,96,2023,mixed,0.25,1.0,uniform,all,0.0,none,0,0.4264553785324096,0.4283293187618255,54,2026-03-11 18:34:33
augmentation,PatchTST,ETTh1,96,2023,mixed,0.5,1.0,uniform,all,0.0,none,0,0.4505658149719238,0.4435954391956329,67,2026-03-11 18:36:06
augmentation,PatchTST,ETTh1,96,2022,mixed,0.5,1.0,uniform,all,0.0,none,0,0.4390334784984588,0.4394561350345611,102,2026-03-11 18:36:41
augmentation,PatchTST,ETTh1,96,2022,mixed,1.0,1.0,uniform,all,0.0,none,0,0.445125550031662,0.4435035288333893,151,2026-03-11 18:39:38
augmentation,PatchTST,ETTh1,96,2021,mixed,1.0,1.0,uniform,all,0.0,none,0,0.4368502199649811,0.4374639093875885,188,2026-03-11 18:39:40
augmentation,PatchTST,ETTh1,96,2023,mixed,1.0,1.0,uniform,all,0.0,none,0,0.4441258311271667,0.443878173828125,199,2026-03-11 18:40:33
augmentation,PatchTST,ETTh1,336,2022,mixed,0.25,1.0,uniform,all,0.0,none,0,0.504157543182373,0.4742847979068756,92,2026-03-11 18:41:38
augmentation,PatchTST,ETTh1,336,2021,mixed,0.25,1.0,uniform,all,0.0,none,0,0.4997267425060272,0.4720524251461029,108,2026-03-11 18:41:53
augmentation,PatchTST,ETTh1,336,2023,mixed,0.25,1.0,uniform,all,0.0,none,0,0.5036199688911438,0.4735736846923828,95,2026-03-11 18:42:35
augmentation,PatchTST,ETTh1,336,2021,mixed,0.5,1.0,uniform,all,0.0,none,0,0.5164684653282166,0.4846735298633575,141,2026-03-11 18:44:25
augmentation,PatchTST,ETTh1,336,2022,mixed,0.5,1.0,uniform,all,0.0,none,0,0.5202657580375671,0.486966609954834,165,2026-03-11 18:45:04
augmentation,PatchTST,ETTh1,336,2023,mixed,0.5,1.0,uniform,all,0.0,none,0,0.5206857323646545,0.4852592051029205,129,2026-03-11 18:45:10
augmentation,PatchTST,ETTh1,336,2021,mixed,1.0,1.0,uniform,all,0.0,none,0,0.5107102990150452,0.4794434905052185,296,2026-03-11 18:49:47
augmentation,PatchTST,ETTh1,336,2022,mixed,1.0,1.0,uniform,all,0.0,none,0,0.5176154971122742,0.4825819730758667,302,2026-03-11 18:50:33
augmentation,PatchTST,ETTh1,336,2023,mixed,1.0,1.0,uniform,all,0.0,none,0,0.5181111097335815,0.4853952825069427,337,2026-03-11 18:51:12
augmentation,PatchTST,ETTh2,96,2021,mixed,0.25,1.0,uniform,all,0.0,none,0,0.2982020080089569,0.3475894331932068,88,2026-03-11 18:51:41
augmentation,PatchTST,ETTh2,96,2022,mixed,0.25,1.0,uniform,all,0.0,none,0,0.2984784543514251,0.3479900062084198,90,2026-03-11 18:52:29
augmentation,PatchTST,ETTh2,96,2023,mixed,0.25,1.0,uniform,all,0.0,none,0,0.2976407408714294,0.3470254838466644,86,2026-03-11 18:53:05
augmentation,PatchTST,ETTh2,96,2021,mixed,0.5,1.0,uniform,all,0.0,none,0,0.3021510541439056,0.3510457873344421,101,2026-03-11 18:53:48
augmentation,PatchTST,ETTh2,96,2022,mixed,0.5,1.0,uniform,all,0.0,none,0,0.3045123815536499,0.3528220057487488,96,2026-03-11 18:54:31
augmentation,PatchTST,ETTh2,96,2023,mixed,0.5,1.0,uniform,all,0.0,none,0,0.3025622367858886,0.3515786528587341,118,2026-03-11 18:55:29
augmentation,PatchTST,ETTh2,96,2021,mixed,1.0,1.0,uniform,all,0.0,none,0,0.3100994229316711,0.3569632470607757,173,2026-03-11 18:57:07
augmentation,PatchTST,ETTh2,96,2022,mixed,1.0,1.0,uniform,all,0.0,none,0,0.3082648813724518,0.3550527989864349,151,2026-03-11 18:57:28
augmentation,PatchTST,ETTh2,96,2023,mixed,1.0,1.0,uniform,all,0.0,none,0,0.3085345029830932,0.3558732271194458,149,2026-03-11 18:58:25
augmentation,PatchTST,ETTh2,336,2022,mixed,0.25,1.0,uniform,all,0.0,none,0,0.4229198694229126,0.4308135509490967,92,2026-03-11 18:59:27
augmentation,PatchTST,ETTh2,336,2021,mixed,0.25,1.0,uniform,all,0.0,none,0,0.419343888759613,0.4297161996364593,122,2026-03-11 18:59:35
augmentation,PatchTST,ETTh2,336,2023,mixed,0.25,1.0,uniform,all,0.0,none,0,0.4193823635578155,0.4295797646045685,116,2026-03-11 19:00:47
augmentation,PatchTST,ETTh2,336,2021,mixed,0.5,1.0,uniform,all,0.0,none,0,0.4242855608463287,0.4336363673210144,138,2026-03-11 19:02:11
augmentation,PatchTST,ETTh2,336,2022,mixed,0.5,1.0,uniform,all,0.0,none,0,0.4246904253959656,0.4333416521549225,143,2026-03-11 19:02:24
augmentation,PatchTST,ETTh2,336,2023,mixed,0.5,1.0,uniform,all,0.0,none,0,0.4224941730499267,0.4322953522205353,197,2026-03-11 19:04:30
augmentation,PatchTST,ETTh2,336,2022,mixed,1.0,1.0,uniform,all,0.0,none,0,0.4333717226982116,0.4390940964221954,238,2026-03-11 19:06:49
augmentation,PatchTST,ETTh2,336,2021,mixed,1.0,1.0,uniform,all,0.0,none,0,0.4300030469894409,0.4360863864421844,303,2026-03-11 19:07:40
augmentation,PatchTST,ETTh2,336,2023,mixed,1.0,1.0,uniform,all,0.0,none,0,0.4297687113285064,0.4370871782302856,319,2026-03-11 19:10:15
augmentation,PatchTST,ETTm1,96,2021,mixed,0.25,1.0,uniform,all,0.0,none,0,0.3672806918621063,0.3945054411888122,236,2026-03-11 19:11:11
augmentation,PatchTST,ETTm1,96,2022,mixed,0.25,1.0,uniform,all,0.0,none,0,0.3702812194824219,0.3944203555583954,219,2026-03-11 19:11:45
augmentation,PatchTST,ETTm1,96,2023,mixed,0.25,1.0,uniform,all,0.0,none,0,0.3741059005260467,0.393685519695282,156,2026-03-11 19:13:18
augmentation,PatchTST,ETTm1,96,2021,mixed,0.5,1.0,uniform,all,0.0,none,0,0.3839458227157593,0.4036438465118408,347,2026-03-11 19:17:25
augmentation,PatchTST,ETTm1,96,2022,mixed,0.5,1.0,uniform,all,0.0,none,0,0.385813295841217,0.4002851843833923,327,2026-03-11 19:17:38
augmentation,PatchTST,ETTm1,96,2023,mixed,0.5,1.0,uniform,all,0.0,none,0,0.3844000697135925,0.4036608338356018,426,2026-03-11 19:20:50
augmentation,PatchTST,ETTm1,96,2021,mixed,1.0,1.0,uniform,all,0.0,none,0,0.3853600621223449,0.4036683142185211,660,2026-03-11 19:28:52
augmentation,PatchTST,ETTm1,336,2021,mixed,0.25,1.0,uniform,all,0.0,none,0,0.4404235780239105,0.4307455420494079,414,2026-03-11 19:29:12
augmentation,PatchTST,ETTm1,96,2022,mixed,1.0,1.0,uniform,all,0.0,none,0,0.3849367201328277,0.4036755263805389,722,2026-03-11 19:30:06
augmentation,PatchTST,ETTm1,96,2023,mixed,1.0,1.0,uniform,all,0.0,none,0,0.3890400230884552,0.4028506875038147,613,2026-03-11 19:31:30
augmentation,PatchTST,ETTm1,336,2022,mixed,0.5,1.0,uniform,all,0.0,none,0,0.4648698568344116,0.4441029727458954,651,2026-03-11 19:40:29
augmentation,PatchTST,ETTm1,336,2021,mixed,0.5,1.0,uniform,all,0.0,none,0,0.4556061625480652,0.4389232695102691,699,2026-03-11 19:40:57
augmentation,PatchTST,ETTm1,336,2023,mixed,0.5,1.0,uniform,all,0.0,none,0,0.4761248528957367,0.4508107006549835,626,2026-03-11 19:40:58
augmentation,PatchTST,ETTm2,96,2021,mixed,0.25,1.0,uniform,all,0.0,none,0,0.1859568804502487,0.2722183167934418,268,2026-03-11 19:44:16
augmentation,PatchTST,ETTm2,96,2022,mixed,0.5,1.0,uniform,all,0.0,none,0,0.1965988427400589,0.2823421955108642,309,2026-03-11 19:48:00
augmentation,PatchTST,ETTm2,96,2023,mixed,0.5,1.0,uniform,all,0.0,none,0,0.1890608519315719,0.275285542011261,426,2026-03-11 19:50:25
augmentation,PatchTST,ETTm1,336,2021,mixed,1.0,1.0,uniform,all,0.0,none,0,0.4540269374847412,0.4376730024814605,1165,2026-03-11 19:51:22
augmentation,PatchTST,ETTm1,336,2022,mixed,1.0,1.0,uniform,all,0.0,none,0,0.4597531855106354,0.4413575530052185,1288,2026-03-11 19:53:49
augmentation,PatchTST,ETTm2,96,2023,mixed,1.0,1.0,uniform,all,0.0,none,0,0.187910571694374,0.2742427587509155,593,2026-03-11 19:54:54
augmentation,PatchTST,ETTm1,336,2023,mixed,1.0,1.0,uniform,all,0.0,none,0,0.4607913494110107,0.4405322670936584,1267,2026-03-11 19:55:00
augmentation,PatchTST,ETTm2,96,2021,mixed,1.0,1.0,uniform,all,0.0,none,0,0.1880399286746978,0.2747146785259247,710,2026-03-11 19:56:11
augmentation,PatchTST,ETTm2,96,2022,mixed,1.0,1.0,uniform,all,0.0,none,0,0.1857703924179077,0.2715666592121124,736,2026-03-11 19:56:57
augmentation,PatchTST,ETTm2,336,2022,mixed,0.5,1.0,uniform,all,0.0,none,0,0.3140278458595276,0.350087821483612,624,2026-03-11 20:03:17
augmentation,PatchTST,ETTm2,336,2021,mixed,0.5,1.0,uniform,all,0.0,none,0,0.3129427433013916,0.3501133620738983,693,2026-03-11 20:03:22
augmentation,PatchTST,ETTm2,336,2023,mixed,0.5,1.0,uniform,all,0.0,none,0,0.3134833574295044,0.3505012989044189,685,2026-03-11 20:05:41
augmentation,PatchTST,ETTm2,336,2023,mixed,1.0,1.0,uniform,all,0.0,none,0,0.3119502961635589,0.3490180373191833,1162,2026-03-11 20:14:49
augmentation,PatchTST,ETTm2,336,2021,mixed,1.0,1.0,uniform,all,0.0,none,0,0.3121612668037414,0.3490808308124542,1291,2026-03-11 20:16:04
augmentation,PatchTST,ETTm2,336,2022,mixed,1.0,1.0,uniform,all,0.0,none,0,0.3115773499011993,0.3486956357955932,1291,2026-03-11 20:16:52
augmentation,PatchTST,Weather,96,2021,mixed,0.5,1.0,uniform,all,0.0,none,0,0.1841682195663452,0.2324261367321014,1091,2026-03-11 20:21:54
augmentation,PatchTST,Weather,96,2023,mixed,0.5,1.0,uniform,all,0.0,none,0,0.1851578056812286,0.2336696833372116,1119,2026-03-11 20:22:30
augmentation,PatchTST,Weather,96,2022,mixed,0.5,1.0,uniform,all,0.0,none,0,0.1840143203735351,0.2330681979656219,1134,2026-03-11 20:22:42
augmentation,PatchTST,Weather,336,2022,mixed,0.25,1.0,uniform,all,0.0,none,0,0.2895622551441192,0.3115976452827453,1063,2026-03-11 20:31:34
augmentation,PatchTST,Weather,336,2023,mixed,0.25,1.0,uniform,all,0.0,none,0,0.2884791195392608,0.3099327981472015,1000,2026-03-11 20:31:55
augmentation,PatchTST,Weather,336,2023,mixed,0.5,1.0,uniform,all,0.0,none,0,0.2884791195392608,0.3099327981472015,1199,2026-03-11 20:38:49
augmentation,PatchTST,Weather,96,2021,mixed,1.0,1.0,uniform,all,0.0,none,0,0.1883132755756378,0.2365532368421554,2063,2026-03-11 20:40:32
augmentation,PatchTST,Weather,96,2022,mixed,1.0,1.0,uniform,all,0.0,none,0,0.188345193862915,0.2369912564754486,2054,2026-03-11 20:41:18
augmentation,PatchTST,Weather,96,2023,mixed,1.0,1.0,uniform,all,0.0,none,0,0.1882495880126953,0.2369998693466186,2090,2026-03-11 20:42:17
augmentation,PatchTST,Weather,336,2022,mixed,0.5,1.0,uniform,all,0.0,none,0,0.2883674800395965,0.3096633553504944,2018,2026-03-11 20:50:56
augmentation,PatchTST,Electricity,96,2022,mixed,0.25,1.0,uniform,all,0.0,none,0,0.2725575864315033,0.3632420003414154,2733,2026-03-11 21:08:29
augmentation,PatchTST,Weather,336,2021,mixed,1.0,1.0,uniform,all,0.0,none,0,0.2907214760780334,0.3113293349742889,2949,2026-03-11 21:08:59
augmentation,PatchTST,Weather,336,2023,mixed,1.0,1.0,uniform,all,0.0,none,0,0.291700005531311,0.3129913806915283,2945,2026-03-11 21:11:25
augmentation,PatchTST,Weather,336,2022,mixed,1.0,1.0,uniform,all,0.0,none,0,0.2924506664276123,0.312988817691803,3371,2026-03-11 21:18:23
augmentation,PatchTST,Electricity,96,2023,mixed,0.25,1.0,uniform,all,0.0,none,0,0.2294540107250213,0.3257470726966858,3956,2026-03-11 21:29:04
augmentation,PatchTST,Electricity,96,2021,mixed,0.25,1.0,uniform,all,0.0,none,0,0.2288403958082199,0.3255948424339294,4017,2026-03-11 21:29:47
augmentation,PatchTST,Electricity,96,2021,mixed,0.5,1.0,uniform,all,0.0,none,0,0.2288403958082199,0.3255948424339294,5258,2026-03-11 21:56:28
augmentation,PatchTST,Electricity,96,2023,mixed,0.5,1.0,uniform,all,0.0,none,0,0.2294540107250213,0.3257470726966858,5569,2026-03-11 22:05:10
augmentation,PatchTST,Electricity,96,2022,mixed,0.5,1.0,uniform,all,0.0,none,0,0.2447720617055893,0.3349562585353851,6206,2026-03-11 22:15:26
augmentation,PatchTST,Electricity,336,2021,mixed,0.25,1.0,uniform,all,0.0,none,0,0.2489838004112243,0.3451726734638214,6676,2026-03-11 22:33:00
augmentation,PatchTST,Electricity,336,2022,mixed,0.25,1.0,uniform,all,0.0,none,0,0.2501212060451507,0.3457829058170318,7028,2026-03-11 22:39:51
augmentation,PatchTST,Electricity,336,2021,mixed,0.5,1.0,uniform,all,0.0,none,0,0.2489838004112243,0.3451726734638214,8281,2026-03-11 23:26:57
augmentation,PatchTST,Electricity,336,2022,mixed,0.5,1.0,uniform,all,0.0,none,0,0.2501212060451507,0.3457829058170318,9653,2026-03-11 23:50:19
augmentation,TimesNet,ETTh2,96,2021,mixed,0.25,1.0,uniform,all,0.0,none,0,0.3090868592262268,0.3571742475032806,538,2026-03-14 01:20:35
augmentation,iTransformer,Weather,96,2021,mixed,0.25,1.0,uniform,all,0.0,none,0,0.172425240278244,0.2139536589384079,448,2026-03-15 13:43:45
augmentation,iTransformer,Weather,96,2022,mixed,0.25,1.0,uniform,all,0.0,none,0,0.1706921011209488,0.2112445533275604,564,2026-03-15 13:53:29
augmentation,iTransformer,Weather,96,2023,mixed,0.5,1.0,uniform,all,0.0,none,0,0.1713976562023162,0.2111396789550781,959,2026-03-15 14:08:23
augmentation,iTransformer,Weather,336,2021,mixed,0.25,1.0,uniform,all,0.0,none,0,0.2779138088226318,0.2963936626911163,838,2026-03-15 14:08:39
augmentation,iTransformer,Traffic,96,2021,mixed,0.25,1.0,uniform,all,0.0,none,0,0.4412209391593933,0.3050240278244018,7265,2026-03-16 04:15:19
augmentation,iTransformer,Traffic,96,2022,mixed,0.25,1.0,uniform,all,0.0,none,0,0.4376707971096039,0.30257049202919,7205,2026-03-16 06:15:42
augmentation,iTransformer,Traffic,96,2023,mixed,0.25,1.0,uniform,all,0.0,none,0,0.4381669163703918,0.3032123744487762,7267,2026-03-16 07:15:06
augmentation,PatchTST,ETTh1,96,2021,mixed,0.5,1.0,uniform,all,0.0,none,0,0.4340167343616485,0.4361568391323089,149,2026-03-17 04:22:51
augmentation,PatchTST,ETTm1,336,2022,mixed,0.25,1.0,uniform,all,0.0,none,0,0.4427663683891296,0.4319185018539428,483,2026-03-17 04:43:34
augmentation,PatchTST,ETTm1,336,2023,mixed,0.25,1.0,uniform,all,0.0,none,0,0.4396628737449646,0.4298291504383087,437,2026-03-17 04:51:09
augmentation,PatchTST,ETTm2,96,2022,mixed,0.25,1.0,uniform,all,0.0,none,0,0.1863219887018203,0.2722435891628265,266,2026-03-17 04:57:57
augmentation,PatchTST,ETTm2,96,2023,mixed,0.25,1.0,uniform,all,0.0,none,0,0.1879371702671051,0.2720542550086975,180,2026-03-17 05:01:16
augmentation,PatchTST,ETTm2,96,2021,mixed,0.5,1.0,uniform,all,0.0,none,0,0.1895777881145477,0.2755372822284698,253,2026-03-17 05:05:47
augmentation,PatchTST,ETTm2,336,2021,mixed,0.25,1.0,uniform,all,0.0,none,0,0.3108926117420196,0.348604291677475,475,2026-03-17 05:15:29
augmentation,PatchTST,ETTm2,336,2022,mixed,0.25,1.0,uniform,all,0.0,none,0,0.3110168576240539,0.348697304725647,389,2026-03-17 05:22:17
augmentation,PatchTST,ETTm2,336,2023,mixed,0.25,1.0,uniform,all,0.0,none,0,0.3117439150810241,0.3492565453052521,434,2026-03-17 05:29:50
augmentation,PatchTST,Weather,96,2021,mixed,0.25,1.0,uniform,all,0.0,none,0,0.182436004281044,0.2290266752243042,701,2026-03-17 05:43:36
augmentation,PatchTST,Weather,96,2022,mixed,0.25,1.0,uniform,all,0.0,none,0,0.1815153956413269,0.2288889437913894,683,2026-03-17 05:55:19
augmentation,PatchTST,Weather,96,2023,mixed,0.25,1.0,uniform,all,0.0,none,0,0.1829775422811508,0.2297494709491729,611,2026-03-17 06:05:49
augmentation,PatchTST,Weather,336,2021,mixed,0.25,1.0,uniform,all,0.0,none,0,0.2867088615894317,0.3075053989887237,919,2026-03-17 17:03:20
augmentation,PatchTST,Weather,336,2021,mixed,0.5,1.0,uniform,all,0.0,none,0,0.2867088615894317,0.3075053989887237,1078,2026-03-17 17:06:35
augmentation,PatchTST,Electricity,336,2023,mixed,0.25,1.0,uniform,all,0.0,none,0,0.2496743351221084,0.3446387350559234,5654,2026-03-17 21:42:02
augmentation,PatchTST,Traffic,96,2021,mixed,0.25,1.0,uniform,all,0.0,none,0,0.569667637348175,0.3801402151584625,7185,2026-03-18 05:43:40
augmentation,PatchTST,Traffic,96,2022,mixed,0.25,1.0,uniform,all,0.0,none,0,0.5672931671142578,0.3782443106174469,7080,2026-03-18 07:06:54
augmentation,PatchTST,Traffic,96,2023,mixed,0.25,1.0,uniform,all,0.0,none,0,0.5702877044677734,0.3812050521373749,7288,2026-03-18 07:45:27
augmentation,DLinear,Electricity,96,2023,mixed,1.0,1.0,uniform,all,0.0,none,0,0.2510415017604828,0.3453828990459442,13421,2026-04-01 21:08:34
augmentation,DLinear,Electricity,336,2022,mixed,0.5,1.0,uniform,all,0.0,none,0,0.2471791207790374,0.3423019051551819,13459,2026-04-01 21:10:07
augmentation,DLinear,Electricity,336,2021,mixed,0.5,1.0,uniform,all,0.0,none,0,0.2756306827068329,0.3733132779598236,13672,2026-04-01 21:13:15
augmentation,DLinear,Electricity,336,2023,mixed,0.5,1.0,uniform,all,0.0,none,0,0.2471844553947448,0.3423377871513366,14421,2026-04-02 00:23:48
augmentation,DLinear,Traffic,336,2022,mixed,0.25,1.0,uniform,all,0.0,none,0,0.668820321559906,0.4224943220615387,11917,2026-04-02 00:50:54
augmentation,DLinear,Traffic,96,2021,mixed,0.5,1.0,uniform,all,0.0,none,0,0.7372744083404541,0.4610619843006134,13156,2026-04-02 00:51:15
augmentation,DLinear,Traffic,336,2021,mixed,0.25,1.0,uniform,all,0.0,none,0,0.6688518524169922,0.4224643111228943,12143,2026-04-02 00:54:46
augmentation,DLinear,Traffic,336,2023,mixed,0.25,1.0,uniform,all,0.0,none,0,0.6690875291824341,0.4226985871791839,12431,2026-04-02 00:59:33
augmentation,DLinear,Traffic,96,2022,mixed,0.5,1.0,uniform,all,0.0,none,0,0.7373422980308533,0.4611911475658417,13766,2026-04-02 01:03:22
augmentation,DLinear,Traffic,96,2023,mixed,0.5,1.0,uniform,all,0.0,none,0,0.7371999025344849,0.4612532556056976,13725,2026-04-02 01:21:16
augmentation,DLinear,Electricity,336,2022,mixed,1.0,1.0,uniform,all,0.0,none,0,0.2593603432178497,0.3579088449478149,20178,2026-04-02 02:17:28
augmentation,SegRNN,Electricity,336,2021,mixed,0.5,1.0,uniform,all,0.0,none,0,0.2383923232555389,0.3244265913963318,13002,2026-04-02 10:51:35
augmentation,SegRNN,Electricity,336,2023,mixed,0.5,1.0,uniform,all,0.0,none,0,0.2384959012269973,0.3243869543075561,13067,2026-04-02 10:52:41
augmentation,SegRNN,Electricity,336,2022,mixed,0.5,1.0,uniform,all,0.0,none,0,0.2388128787279129,0.3247150778770447,13454,2026-04-02 10:59:08
augmentation,SegRNN,Traffic,96,2021,mixed,0.5,1.0,uniform,all,0.0,none,0,0.7755904197692871,0.4141063392162323,13450,2026-04-02 10:59:54
augmentation,SegRNN,Traffic,96,2022,mixed,0.5,1.0,uniform,all,0.0,none,0,0.7764291167259216,0.4152120351791382,13766,2026-04-02 11:05:36
augmentation,SegRNN,Electricity,96,2022,mixed,1.0,1.0,uniform,all,0.0,none,0,0.2216793596744537,0.3099428713321686,14102,2026-04-02 11:09:48
augmentation,SegRNN,Electricity,96,2023,mixed,1.0,1.0,uniform,all,0.0,none,0,0.221154049038887,0.3093719184398651,14695,2026-04-02 11:19:42
augmentation,SegRNN,Electricity,96,2021,mixed,1.0,1.0,uniform,all,0.0,none,0,0.2215465754270553,0.3097734153270721,14758,2026-04-02 11:20:41
augmentation,SegRNN,Traffic,336,2022,mixed,0.25,1.0,uniform,all,0.0,none,0,0.8071863055229187,0.4193480312824249,11805,2026-04-02 14:27:01
augmentation,SegRNN,Traffic,336,2021,mixed,0.25,1.0,uniform,all,0.0,none,0,0.8069036602973938,0.4184189438819885,12584,2026-04-02 14:35:54
augmentation,SegRNN,Traffic,96,2023,mixed,0.5,1.0,uniform,all,0.0,none,0,0.7759993672370911,0.4145894348621368,13731,2026-04-02 14:41:08
augmentation,SegRNN,Traffic,336,2023,mixed,0.25,1.0,uniform,all,0.0,none,0,0.8364325165748596,0.43149533867836,12428,2026-04-02 14:47:32
augmentation,TimesNet,Electricity,96,2021,mixed,1.0,1.0,uniform,all,0.0,none,0,0.2009966224431991,0.3061937093734741,14680,2026-04-02 17:46:41
augmentation,TimesNet,Electricity,96,2022,mixed,1.0,1.0,uniform,all,0.0,none,0,0.2004153430461883,0.3056420683860779,15302,2026-04-02 17:57:10
augmentation,TimesNet,Electricity,336,2022,mixed,0.5,1.0,uniform,all,0.0,none,0,0.2966074049472809,0.3786934316158294,13534,2026-04-02 18:27:21
augmentation,TimesNet,Electricity,336,2021,mixed,0.5,1.0,uniform,all,0.0,none,0,0.292265772819519,0.3747105896472931,13864,2026-04-02 18:28:43
augmentation,TimesNet,Electricity,336,2023,mixed,0.5,1.0,uniform,all,0.0,none,0,0.2588502466678619,0.3483373522758484,13870,2026-04-02 18:39:09
augmentation,TimesNet,Electricity,96,2023,mixed,1.0,1.0,uniform,all,0.0,none,0,0.2036472111940384,0.3087274730205536,15219,2026-04-02 18:41:26
augmentation,TimesNet,Traffic,96,2021,mixed,0.5,1.0,uniform,all,0.0,none,0,0.662628710269928,0.3728029727935791,13537,2026-04-02 21:09:09
augmentation,TimesNet,Traffic,96,2022,mixed,0.5,1.0,uniform,all,0.0,none,0,0.6626238226890564,0.3662804663181305,12938,2026-04-02 21:22:57
augmentation,TimesNet,Traffic,96,2023,mixed,0.5,1.0,uniform,all,0.0,none,0,0.6434105038642883,0.3693310618400574,12497,2026-04-02 21:26:03
augmentation,TimesNet,Traffic,336,2021,mixed,0.25,1.0,uniform,all,0.0,none,0,0.6815630197525024,0.3903166949748993,12598,2026-04-02 22:11:58
augmentation,TimesNet,Electricity,336,2023,mixed,1.0,1.0,uniform,all,0.0,none,0,0.2690553367137909,0.3559635877609253,18857,2026-04-02 22:25:33
augmentation,TimesNet,Traffic,336,2022,mixed,0.25,1.0,uniform,all,0.0,none,0,0.8946138620376587,0.5287172794342041,12627,2026-04-02 22:43:16
augmentation,iTransformer,Electricity,96,2022,mixed,1.0,1.0,uniform,all,0.0,none,0,0.1663746535778045,0.2573313415050506,13933,2026-04-03 02:04:39
augmentation,iTransformer,Electricity,96,2021,mixed,1.0,1.0,uniform,all,0.0,none,0,0.1667159497737884,0.257869154214859,14966,2026-04-03 02:17:41
augmentation,iTransformer,Electricity,96,2023,mixed,1.0,1.0,uniform,all,0.0,none,0,0.1658413857221603,0.2571274042129516,14855,2026-04-03 02:33:53
augmentation,iTransformer,Electricity,336,2021,mixed,0.5,1.0,uniform,all,0.0,none,0,0.1958871632814407,0.2849745154380798,13873,2026-04-03 02:36:27
augmentation,iTransformer,Electricity,336,2022,mixed,0.5,1.0,uniform,all,0.0,none,0,0.1948800235986709,0.2840971052646637,13594,2026-04-03 02:48:05
augmentation,iTransformer,Electricity,336,2023,mixed,0.5,1.0,uniform,all,0.0,none,0,0.1959859728813171,0.2850713431835174,14004,2026-04-03 02:55:35
augmentation,iTransformer,Traffic,336,2023,mixed,0.25,1.0,uniform,all,0.0,none,0,0.4840724766254425,0.3235398828983307,12476,2026-04-03 10:38:41
augmentation,iTransformer,Traffic,336,2022,mixed,0.25,1.0,uniform,all,0.0,none,0,0.4818417727947235,0.3221421837806701,12801,2026-04-03 10:43:55
augmentation,iTransformer,Traffic,336,2021,mixed,0.25,1.0,uniform,all,0.0,none,0,0.4820700585842132,0.3227066099643707,12856,2026-04-03 10:45:01
augmentation,iTransformer,Traffic,96,2021,mixed,0.5,1.0,uniform,all,0.0,none,0,0.441682904958725,0.3055067360401153,13150,2026-04-03 10:49:54
augmentation,iTransformer,Traffic,96,2022,mixed,0.5,1.0,uniform,all,0.0,none,0,0.4375293850898742,0.3029938638210296,13383,2026-04-03 10:53:45
augmentation,iTransformer,Traffic,96,2023,mixed,0.5,1.0,uniform,all,0.0,none,0,0.4382167756557464,0.3034581542015075,13506,2026-04-03 10:55:36
augmentation,PatchTST,Electricity,96,2021,mixed,1.0,1.0,uniform,all,0.0,none,0,0.2378775626420974,0.3309397995471954,14244,2026-04-03 15:04:43
augmentation,PatchTST,Electricity,96,2022,mixed,1.0,1.0,uniform,all,0.0,none,0,0.2392972707748413,0.3310557007789612,14239,2026-04-03 15:04:47
augmentation,PatchTST,Electricity,96,2023,mixed,1.0,1.0,uniform,all,0.0,none,0,0.237972155213356,0.3304521441459656,14667,2026-04-03 15:12:06
augmentation,PatchTST,Traffic,96,2022,mixed,0.5,1.0,uniform,all,0.0,none,0,0.5803446173667908,0.3833521008491516,13206,2026-04-03 16:52:05
augmentation,PatchTST,Traffic,96,2023,mixed,0.5,1.0,uniform,all,0.0,none,0,0.6232700943946838,0.4035804569721222,13253,2026-04-03 16:53:03
augmentation,PatchTST,Traffic,96,2021,mixed,0.5,1.0,uniform,all,0.0,none,0,0.5916020274162292,0.3848589360713959,13556,2026-04-03 16:57:51
augmentation,PatchTST,Electricity,336,2023,mixed,0.5,1.0,uniform,all,0.0,none,0,0.2567578256130218,0.349719375371933,13765,2026-04-03 17:00:53
augmentation,PatchTST,Traffic,336,2021,mixed,0.25,1.0,uniform,all,0.0,none,0,0.6142112016677856,0.4017197787761688,10989,2026-04-03 18:08:23
augmentation,PatchTST,Traffic,336,2022,mixed,0.25,1.0,uniform,all,0.0,none,0,0.6723342537879944,0.4241396784782409,11458,2026-04-03 18:23:42
augmentation,PatchTST,Electricity,336,2022,mixed,1.0,1.0,uniform,all,0.0,none,0,0.2545780837535858,0.3460856974124908,21012,2026-04-03 19:01:58
augmentation,PatchTST,Traffic,336,2023,mixed,0.25,1.0,uniform,all,0.0,none,0,0.5913997888565063,0.3869151175022125,12335,2026-04-03 20:05:39
augmentation,DLinear,Traffic,96,2021,mixed,1.0,1.0,uniform,all,0.0,none,0,0.7665500044822693,0.4845079481601715,5214,2026-04-07 15:47:38
augmentation,DLinear,Traffic,96,2022,mixed,1.0,1.0,uniform,all,0.0,none,0,0.7664204835891724,0.4842888414859772,5228,2026-04-07 15:47:52
augmentation,DLinear,Traffic,96,2023,mixed,1.0,1.0,uniform,all,0.0,none,0,0.7664090991020203,0.4844019114971161,5252,2026-04-07 15:48:16
augmentation,DLinear,Electricity,336,2021,mixed,1.0,1.0,uniform,all,0.0,none,0,0.26067915558815,0.3595409989356994,5561,2026-04-07 15:53:25
augmentation,DLinear,Electricity,336,2023,mixed,1.0,1.0,uniform,all,0.0,none,0,0.2612800598144531,0.3606771230697632,7203,2026-04-07 16:20:47
augmentation,DLinear,Traffic,336,2022,mixed,0.5,1.0,uniform,all,0.0,none,0,0.6841545104980469,0.4373652637004852,7223,2026-04-07 16:21:07
augmentation,DLinear,Traffic,336,2021,mixed,0.5,1.0,uniform,all,0.0,none,0,0.6841583847999573,0.4373181164264679,7262,2026-04-07 16:21:46
augmentation,DLinear,Traffic,336,2023,mixed,0.5,1.0,uniform,all,0.0,none,0,0.6842546463012695,0.4373950064182281,7284,2026-04-07 16:22:09
augmentation,SegRNN,Electricity,336,2021,mixed,1.0,1.0,uniform,all,0.0,none,0,0.2484935671091079,0.3348305225372314,7839,2026-04-07 18:04:30
augmentation,SegRNN,Traffic,96,2021,mixed,1.0,1.0,uniform,all,0.0,none,0,0.7729026079177856,0.4245730638504028,6355,2026-04-07 18:07:43
augmentation,DLinear,Traffic,336,2022,mixed,1.0,1.0,uniform,all,0.0,none,0,0.7088783383369446,0.4597462117671966,8425,2026-04-07 18:08:19
augmentation,SegRNN,Traffic,96,2022,mixed,1.0,1.0,uniform,all,0.0,none,0,0.7749776840209961,0.4256307482719421,6604,2026-04-07 18:12:13
augmentation,DLinear,Traffic,336,2023,mixed,1.0,1.0,uniform,all,0.0,none,0,0.7088282108306885,0.4596439898014068,8713,2026-04-07 18:13:30
augmentation,DLinear,Traffic,336,2021,mixed,1.0,1.0,uniform,all,0.0,none,0,0.7085596323013306,0.4595774710178375,8753,2026-04-07 18:13:32
augmentation,SegRNN,Electricity,336,2022,mixed,1.0,1.0,uniform,all,0.0,none,0,0.2481296807527542,0.3353827893733978,7795,2026-04-07 18:30:43
augmentation,SegRNN,Electricity,336,2023,mixed,1.0,1.0,uniform,all,0.0,none,0,0.2483389377593994,0.3350725471973419,7801,2026-04-07 18:31:09
augmentation,SegRNN,Traffic,96,2023,mixed,1.0,1.0,uniform,all,0.0,none,0,0.7732141613960266,0.4239063858985901,4918,2026-04-07 19:26:30
augmentation,SegRNN,Traffic,336,2021,mixed,0.5,1.0,uniform,all,0.0,none,0,0.8064488172531128,0.4237519800662994,7561,2026-04-07 20:13:44
augmentation,SegRNN,Traffic,336,2022,mixed,0.5,1.0,uniform,all,0.0,none,0,0.8088589310646057,0.4245581328868866,7882,2026-04-07 20:19:41
augmentation,SegRNN,Traffic,336,2023,mixed,0.5,1.0,uniform,all,0.0,none,0,0.809145987033844,0.424054354429245,7727,2026-04-07 20:21:00
augmentation,SegRNN,Traffic,336,2021,mixed,1.0,1.0,uniform,all,0.0,none,0,0.8145090341567993,0.4324555993080139,8028,2026-04-07 20:27:18
augmentation,SegRNN,Traffic,336,2022,mixed,1.0,1.0,uniform,all,0.0,none,0,0.8088589310646057,0.4245581328868866,8026,2026-04-07 20:27:18
augmentation,SegRNN,Traffic,336,2023,mixed,1.0,1.0,uniform,all,0.0,none,0,0.8155558705329895,0.4324612021446228,8572,2026-04-07 20:53:35
augmentation,TimesNet,Electricity,336,2021,mixed,1.0,1.0,uniform,all,0.0,none,0,0.2685098946094513,0.3522727787494659,11519,2026-04-07 21:43:26
augmentation,TimesNet,Electricity,336,2022,mixed,1.0,1.0,uniform,all,0.0,none,0,0.2754281163215637,0.3606039881706238,8544,2026-04-07 21:48:55
augmentation,TimesNet,Traffic,96,2021,mixed,1.0,1.0,uniform,all,0.0,none,0,0.653203547000885,0.3765473663806915,10021,2026-04-07 23:00:49
augmentation,TimesNet,Traffic,336,2021,mixed,0.5,1.0,uniform,all,0.0,none,0,0.6595851182937622,0.384880393743515,9324,2026-04-07 23:02:42
augmentation,TimesNet,Traffic,96,2022,mixed,1.0,1.0,uniform,all,0.0,none,0,0.6538771986961365,0.3702511787414551,10149,2026-04-07 23:08:51
augmentation,TimesNet,Traffic,336,2022,mixed,0.5,1.0,uniform,all,0.0,none,0,0.6959786415100098,0.3957352936267853,9963,2026-04-07 23:13:22
augmentation,TimesNet,Traffic,96,2023,mixed,1.0,1.0,uniform,all,0.0,none,0,0.6632595062255859,0.3717273771762848,10796,2026-04-07 23:20:57
augmentation,TimesNet,Traffic,336,2023,mixed,0.5,1.0,uniform,all,0.0,none,0,0.6857883930206299,0.3873063325881958,10054,2026-04-07 23:41:10
augmentation,TimesNet,Traffic,336,2022,mixed,1.0,1.0,uniform,all,0.0,none,0,0.6822967529296875,0.3923774361610412,11147,2026-04-08 00:54:42
augmentation,iTransformer,Traffic,96,2021,mixed,1.0,1.0,uniform,all,0.0,none,0,0.4481548368930816,0.3131119906902313,6885,2026-04-08 01:15:43
augmentation,TimesNet,Traffic,336,2021,mixed,1.0,1.0,uniform,all,0.0,none,0,0.6741573214530945,0.3897981345653534,13199,2026-04-08 01:23:25
augmentation,iTransformer,Electricity,336,2021,mixed,1.0,1.0,uniform,all,0.0,none,0,0.2040814012289047,0.2929839789867401,9126,2026-04-08 01:35:26
augmentation,iTransformer,Traffic,96,2022,mixed,1.0,1.0,uniform,all,0.0,none,0,0.4440772831439972,0.310453325510025,7014,2026-04-08 01:38:04
augmentation,iTransformer,Electricity,336,2022,mixed,1.0,1.0,uniform,all,0.0,none,0,0.2023536264896392,0.2919546961784363,8982,2026-04-08 01:38:33
augmentation,iTransformer,Electricity,336,2023,mixed,1.0,1.0,uniform,all,0.0,none,0,0.2038464993238449,0.2928899228572845,8907,2026-04-08 01:41:49
augmentation,TimesNet,Traffic,336,2023,mixed,1.0,1.0,uniform,all,0.0,none,0,0.6879227757453918,0.385415107011795,9793,2026-04-08 01:44:02
augmentation,iTransformer,Traffic,96,2023,mixed,1.0,1.0,uniform,all,0.0,none,0,0.4472046196460724,0.3123664557933807,6073,2026-04-08 02:35:57
augmentation,iTransformer,Traffic,336,2021,mixed,0.5,1.0,uniform,all,0.0,none,0,0.4837450981140136,0.3232870995998382,7920,2026-04-08 03:27:46
augmentation,iTransformer,Traffic,336,2022,mixed,0.5,1.0,uniform,all,0.0,none,0,0.4844252169132232,0.3257910013198852,7966,2026-04-08 03:36:12
augmentation,iTransformer,Traffic,336,2023,mixed,0.5,1.0,uniform,all,0.0,none,0,0.4829985499382019,0.3232902586460113,7873,2026-04-08 03:46:39
augmentation,iTransformer,Traffic,336,2022,mixed,1.0,1.0,uniform,all,0.0,none,0,0.4838461875915527,0.3250032663345337,8369,2026-04-08 03:58:02
augmentation,iTransformer,Traffic,336,2021,mixed,1.0,1.0,uniform,all,0.0,none,0,0.4835245609283447,0.3249967396259308,8512,2026-04-08 03:59:56
augmentation,iTransformer,Traffic,336,2023,mixed,1.0,1.0,uniform,all,0.0,none,0,0.4835613965988159,0.3252390623092651,8467,2026-04-08 04:02:56
augmentation,PatchTST,Electricity,336,2021,mixed,1.0,1.0,uniform,all,0.0,none,0,0.2577457129955292,0.3496167659759521,8535,2026-04-08 04:06:20
augmentation,PatchTST,Electricity,336,2023,mixed,1.0,1.0,uniform,all,0.0,none,0,0.2576107382774353,0.3494056761264801,8733,2026-04-08 05:01:30
augmentation,PatchTST,Traffic,96,2021,mixed,1.0,1.0,uniform,all,0.0,none,0,0.590023934841156,0.3846343159675598,6130,2026-04-08 05:09:58
augmentation,PatchTST,Traffic,96,2022,mixed,1.0,1.0,uniform,all,0.0,none,0,0.5925386548042297,0.384167343378067,6471,2026-04-08 05:24:03
augmentation,PatchTST,Traffic,96,2023,mixed,1.0,1.0,uniform,all,0.0,none,0,0.5911425352096558,0.3860868513584137,6504,2026-04-08 05:35:03
augmentation,PatchTST,Traffic,336,2021,mixed,0.5,1.0,uniform,all,0.0,none,0,0.5830968618392944,0.380715936422348,7477,2026-04-08 06:02:40
augmentation,PatchTST,Traffic,336,2022,mixed,0.5,1.0,uniform,all,0.0,none,0,0.5807090401649475,0.3798944652080536,7776,2026-04-08 06:09:32
augmentation,PatchTST,Traffic,336,2023,mixed,0.5,1.0,uniform,all,0.0,none,0,0.6780452728271484,0.4313552677631378,7609,2026-04-08 06:09:46
augmentation,PatchTST,Traffic,336,2021,mixed,1.0,1.0,uniform,all,0.0,none,0,0.5830968618392944,0.380715936422348,7632,2026-04-08 06:13:32
augmentation,PatchTST,Traffic,336,2022,mixed,1.0,1.0,uniform,all,0.0,none,0,0.5953342914581299,0.3808022737503052,7908,2026-04-08 07:13:19
augmentation,PatchTST,Traffic,336,2023,mixed,1.0,1.0,uniform,all,0.0,none,0,0.5966575145721436,0.3848051726818084,8608,2026-04-08 07:33:26
